TZ_2013,1st,2nd,3rd,4th
1001,1607,1960,2117,274
1002,1111,2223,356,178
1003,1115,3676,1363,867
1004,1847,739,1055,1689
1005,3718,0,0,0
1006,704,0,78,900
1007,0,0,0,0
1008,278,1807,69,834
1009,0,0,0,0
1010,0,0,0,0
1011,0,0,0,0
1012,576,4139,900,216
1013,56,1434,1574,534
1014,228,799,685,685
1015,160,833,929,128
1016,690,1108,598,409
1017,0,133,133,299
1018,0,0,0,0
1019,0,0,0,0
1020,0,0,0,0
1021,0,0,0,0
1022,0,0,0,0
1023,0,0,0,0
1024,0,367,0,0
1025,0,196,626,156
1026,328,526,284,194
1101,1512,1841,66,0
1102,115,211,51,11
1103,586,1069,260,54
1104,816,2558,1088,544
1105,21,39,10,2
1106,175,319,78,16
1107,409,6138,327,0
1108,0,0,0,0
1109,3463,0,1299,0
1110,4017,3331,980,0
1111,1279,3164,236,269
1112,0,1724,259,431
1113,368,1150,1058,92
1114,0,205,0,0
1115,568,3020,542,361
1116,581,2198,1244,166
1117,1119,1959,480,280
1118,92,167,41,8
1119,2824,2728,1149,0
1120,440,928,366,147
1121,1192,1324,177,309
1122,446,2510,390,0
1123,307,1381,537,0
1124,1364,2941,1492,0
1125,4805,6017,43,0
1126,1193,4001,772,0
1127,769,0,0,0
1128,1802,4309,509,78
1129,0,0,0,0
1201,0,0,0,0
1202,0,0,0,0
1203,4641,7258,238,0
1204,5300,8888,0,0
1205,4204,6943,0,0
1206,9647,10773,211,0
1207,18253,7178,124,186
1208,5165,8362,205,287
1209,246,257,4,2
1210,24,25,0,0
1211,0,0,0,0
1301,1983,6777,178,148
1302,2216,7562,0,0
1303,518,919,71,188
1304,76,332,33,0
1305,18,1594,501,0
1306,486,711,75,0
1307,942,1270,0,0
1308,0,0,0,0
1309,137,1191,0,0
1310,32,759,258,242
1311,110,1011,352,66
1312,332,929,763,282
1313,1031,5888,166,0
1314,0,0,0,0
1315,0,0,0,0
1316,41,532,48,48
1317,303,791,76,26
1318,403,714,55,146
1319,328,582,45,119
1320,181,789,79,0
1321,330,1435,144,0
1322,0,0,0,0
1323,131,568,57,0
1324,19,1668,525,0
1325,0,0,0,0
1326,516,754,79,0
1327,728,1065,112,0
1328,212,310,33,0
1329,558,815,86,0
1330,485,709,75,0
1331,584,853,90,0
1332,783,1145,121,0
1333,668,976,103,0
1334,445,651,69,0
1335,288,421,44,0
1336,430,629,66,0
1337,377,551,58,0
1338,0,0,0,0
1339,0,0,0,0
1340,552,806,85,0
1341,0,0,0,0
1342,0,0,0,0
1343,0,0,0,0
1344,721,972,0,0
1345,568,765,0,0
1346,465,626,0,0
1347,531,716,0,0
1348,566,764,0,0
1349,468,632,0,0
1350,749,1009,0,0
1351,0,0,0,0
1352,425,594,0,0
1353,708,988,0,0
1354,284,396,0,0
1355,358,499,0,0
1356,0,0,0,0
1357,0,0,0,0
1358,0,0,0,0
1359,0,0,0,0
1360,0,0,0,0
1361,523,730,0,0
1362,191,1668,0,0
1363,18,421,143,134
1364,17,396,135,126
1365,31,287,100,19
1366,51,466,162,30
1367,55,503,175,33
1368,90,252,207,77
1369,77,214,176,65
1370,63,176,145,54
1371,36,458,42,42
1372,74,956,87,87
1373,67,864,79,79
1401,0,479,915,218
1402,760,3419,326,488
1403,230,691,230,115
1404,48,1503,517,485
1405,151,433,282,132
1406,176,923,659,264
1407,249,349,25,0
1408,168,647,156,0
1409,0,277,115,78
1410,77,427,123,61
1411,196,1453,205,62
1412,0,924,424,0
1413,32,1174,54,119
1414,233,700,233,117
1415,34,1052,362,339
1416,77,220,143,67
1417,240,691,451,210
1418,111,581,415,166
1419,66,347,248,99
1420,66,344,246,98
1421,280,393,28,0
1422,522,731,52,0
1423,310,435,31,0
1424,283,1091,263,0
1425,222,857,206,0
1426,83,322,78,0
1427,0,760,315,213
1428,0,565,234,159
1429,0,669,277,188
1430,0,1165,483,327
1431,41,230,66,33
1432,0,0,0,0
1433,166,1227,173,53
1434,46,340,48,15
1435,117,864,122,37
1436,114,848,120,36
1437,37,274,39,12
1438,0,0,0,0
1439,0,427,196,0
1440,32,1148,53,116
1441,51,1840,84,186
1442,256,358,26,0
1443,172,241,17,0
1501,61,872,199,429
1502,105,734,1188,1118
1503,0,303,0,0
1504,0,1069,1069,437
1505,88,159,64,0
1506,42,479,56,56
1507,0,1396,582,0
1508,85,632,319,216
1509,182,363,507,153
1510,0,215,860,1301
1511,16,117,59,40
1512,0,656,0,0
1513,54,403,203,138
1514,0,818,0,0
1515,47,497,233,124
1516,14,205,47,101
1517,15,220,50,108
1518,0,0,0,0
1519,0,0,0,0
1520,21,300,68,147
1521,19,265,60,130
1522,0,721,721,295
1523,0,395,395,162
1524,0,187,187,77
1525,0,0,0,0
1526,148,267,108,0
1527,0,0,0,0
1528,398,719,291,0
1529,175,1980,233,233
1530,70,789,93,93
1531,86,978,115,115
1532,140,1585,186,186
1533,0,512,213,0
1534,0,0,0,0
1535,0,0,0,0
1536,0,259,108,0
1537,0,612,255,0
1538,241,483,673,203
1539,66,133,185,56
1540,131,263,367,111
1541,0,181,726,1099
1542,0,120,480,726
1543,0,47,187,283
1544,0,662,0,0
1545,0,0,0,0
1546,0,0,0,0
1547,0,327,0,0
1548,125,1338,627,335
1549,62,666,312,167
1550,150,301,419,127
1551,55,777,177,382
1552,33,466,106,229
1553,0,1211,0,0
1554,273,494,200,0
1555,113,205,83,0
1556,524,948,383,0
1557,234,468,652,197
1558,82,876,411,219
1559,54,400,202,137
1601,0,229,744,630
1602,0,531,758,227
1603,46,417,477,545
1604,12,108,124,142
1605,44,397,454,519
1606,0,0,68,0
1607,0,323,323,968
1608,24,215,245,281
1609,232,564,531,631
1610,48,434,497,568
1611,0,473,0,315
1612,17,158,181,207
1701,444,430,120,76
1702,0,1815,1051,382
1703,3319,2758,0,0
1704,527,511,143,90
1705,4038,2453,0,0
1706,405,393,110,69
1707,486,472,132,83
1708,0,59,0,506
1709,340,330,92,58
1710,4147,4021,1124,710
1711,0,50,943,372
1712,152,148,41,26
1801,138,1691,1208,138
1802,72,544,147,36
1803,0,2794,125,0
1804,248,1987,124,0
1805,116,964,463,0
1806,0,2946,0,0
1807,104,2457,1280,0
1808,37,278,75,18
1809,0,274,209,143
1810,0,1239,326,0
1811,491,2307,344,0
1812,110,1647,439,165
1813,216,1558,563,173
1814,0,1652,130,0
1815,42,424,254,720
1816,100,853,502,0
1817,0,281,609,0
1818,0,409,491,123
1819,0,0,0,0
1820,0,0,0,0
1821,0,0,0,0
1822,56,426,115,28
1823,0,0,0,0
1824,0,0,0,0
1825,0,0,0,0
1826,177,2199,202,202
1827,113,856,231,56
1828,0,0,0,0
1829,168,1273,344,84
1830,562,1600,0,0
1831,0,0,0,0
1832,0,0,0,0
1833,0,0,0,0
1834,46,349,94,23
1835,0,0,0,0
1836,0,0,0,0
1837,0,0,0,0
1838,0,0,0,0
1839,0,0,0,0
1840,0,0,0,0
1841,0,0,0,0
1842,0,0,0,0
1843,0,0,0,0
1844,0,0,0,0
1845,188,938,169,56
1846,1357,536,143,214
1847,95,720,194,47
1848,107,813,219,54
1849,29,604,345,0
1850,163,1235,333,81
1851,0,0,0,0
1852,0,0,0,0
1853,0,0,0,0
1854,0,0,0,0
1855,0,0,0,0
1901,195,779,1103,779
1902,760,589,221,368
1903,94,1652,530,997
1904,0,571,163,857
1905,0,0,0,0
1906,0,2468,1046,376
1907,2259,0,287,0
1908,111,444,472,0
1909,57,650,226,311
1910,0,0,1216,0
1911,0,552,425,170
1912,1690,0,0,0
1913,717,654,494,352
1914,0,377,707,896
1915,0,1915,0,0
1916,612,285,326,285
1917,0,976,1444,585
1918,1123,0,0,0
1919,42,381,254,0
1920,71,635,1235,388
1921,490,447,338,240
1922,0,1284,257,0
1923,0,1045,1045,216
1924,341,818,681,0
1925,212,193,146,104
1926,124,1194,1071,618
1927,404,404,277,21
1928,586,535,404,288
1929,536,489,370,263
1930,218,0,0,874
1931,1942,0,0,0
1932,252,230,174,124
1933,936,0,43,0
1934,1938,32,0,0
1935,1523,0,0,0
1936,2609,0,174,0
1937,1232,766,67,100
1938,1352,87,262,1789
1939,0,0,0,0
1940,0,0,0,0
1941,0,0,0,0
1942,0,0,0,0
1943,0,0,0,0
1944,0,0,0,0
1945,0,0,0,0
1946,0,0,0,0
1947,0,0,0,0
1948,0,0,0,0
1949,290,265,200,142
1950,0,0,0,0
1951,189,172,130,92
1952,18,17,13,9
1953,0,0,0,0
1954,0,0,0,0
1955,0,0,0,0
1956,0,0,0,0
1957,0,0,0,0
2001,569,941,257,57
2002,605,1728,259,0
2003,451,1442,225,270
2004,611,2111,1000,111
2005,332,548,150,33
2006,88,2516,662,88
2007,394,1326,466,179
2008,2010,0,0,0
2009,995,1768,829,0
2010,202,2089,809,0
2011,1807,1330,273,102
2012,1716,807,454,0
2013,0,0,0,0
2014,0,0,0,0
2015,0,0,0,0
2016,2661,2898,0,177
2017,3669,4701,287,0
2018,71,1485,495,177
2019,1889,2309,0,0
2020,772,1277,349,77
2021,282,507,338,394
2022,49,734,1567,294
2023,897,1318,252,112
2024,346,1471,606,173
2025,365,292,219,0
2026,104,172,47,10
2027,1614,334,167,0
2028,48,3187,483,0
2029,3,6,2,0
2030,697,1153,315,70
2031,13,22,6,1
2101,20,32,1,0
2102,7312,9721,0,0
2103,2923,6134,0,0
2104,2149,1850,0,0
2105,9131,14084,0,0
2106,4016,5472,233,0
2107,5139,4681,0,0
2108,2578,5987,0,0
2109,3795,7497,93,0
2110,3430,10140,1193,0
2111,3818,6751,0,0
2112,1694,3296,0,0
2113,0,1603,890,0
2114,5644,2356,0,0
2115,1024,3436,0,0
2116,2472,2875,0,0
2117,2517,5481,0,0
2118,4809,7379,0,249
2201,2826,6991,149,0
2202,4453,2969,0,0
2203,1533,743,0,0
2204,0,0,0,0
2205,1778,1479,112,0
2206,0,0,0,0
2207,9394,3352,0,0
2208,4449,871,0,0
2209,6411,2699,0,0
2210,57,3390,452,0
2211,1003,486,0,0
2212,580,207,0,0
2213,2691,2237,170,0
2214,0,0,0,0
2215,7423,2648,0,0
2216,449,217,0,0
2217,1500,728,0,0
2218,2803,549,0,0
2219,2127,896,0,0
2220,1401,679,0,0
2301,176,957,63,10
2302,1569,6325,380,238
2303,1400,8559,320,0
2304,32,176,12,2
2305,0,0,0,0
2306,0,0,0,0
2307,47,256,17,3
2308,432,2350,155,24
2309,177,966,64,10
2310,149,745,0,0
2311,16,87,6,1
2312,977,5184,826,0
2313,168,2389,0,0
2314,0,0,0,0
2315,0,0,0,0
2316,0,0,0,0
2317,0,0,0,0
2318,0,0,0,0
2319,0,0,0,0
2320,0,0,0,0
2321,0,0,0,0
2322,0,0,0,0
2323,0,0,0,0
2324,0,0,0,0
2325,0,0,0,0
2326,0,0,0,0
2327,0,0,0,0
2328,0,0,0,0
2329,194,1057,70,11
2330,0,0,0,0
2331,0,0,0,0
2332,0,0,0,0
2333,0,0,0,0
2334,0,0,0,0
2335,0,0,0,0
2336,0,0,0,0
2337,107,581,38,6
2338,0,0,0,0
2339,0,0,0,0
2340,0,0,0,0
2341,101,551,36,6
2342,0,0,0,0
2343,0,0,0,0
2344,0,0,0,0
2345,0,0,0,0
2401,0,240,0,0
2402,29,347,174,0
2403,463,681,354,0
2404,159,514,86,26
2405,3929,9337,204,0
2406,828,5315,1394,784
2407,750,5173,0,276
2408,0,4216,0,828
2409,185,1572,508,0
2410,43,364,65,76
2411,0,1325,408,153
2412,459,5649,424,0
2413,628,6070,1884,460
2414,5260,6002,607,0
2415,612,544,680,0
2416,733,2894,154,0
2417,5128,6647,570,95
2418,169,1378,774,0
2419,17,516,163,34
2420,0,1640,0,0
2421,0,0,0,0
2422,0,0,0,0
2423,0,0,0,0
2424,59,708,354,0
2425,0,0,0,0
2426,190,280,146,0
2427,0,0,0,0
2428,367,539,280,0
2429,0,0,0,0
2430,0,0,0,0
2431,30,97,16,5
2432,121,393,65,20
2433,210,1763,316,368
2434,0,0,0,0
2435,51,425,76,89
2436,50,421,75,88
2437,372,331,413,0
2438,38,310,174,0
2439,60,492,276,0
2440,0,0,0,0
2441,51,415,233,0
2442,0,0,0,0
2443,34,1007,319,67
2444,17,522,165,35
2445,0,0,0,0
2501,214,1709,342,641
2502,0,954,260,694
2503,0,488,308,385
2504,586,617,216,123
2505,27,191,164,109
2506,243,282,27,30
2507,1202,3741,0,0
2508,5658,7906,0,388
2509,14353,4147,0,0
2510,82,1185,736,204
2511,40,1656,363,162
2512,0,545,149,99
2513,283,329,32,35
2514,597,3281,0,0
2601,378,2050,108,0
2602,0,0,0,0
2603,63,942,1288,283
2604,26,2481,496,0
2605,1253,4250,492,492
2606,64,2556,64,0
2607,428,1949,143,0
2608,1204,2375,325,0
2609,218,512,87,45
2610,0,2415,360,0
2611,0,478,957,2010
2612,547,1283,219,113
2613,10403,6908,499,0
2614,1196,2755,217,0
2615,4277,4577,128,0
2616,4428,4798,0,0
2617,90,1552,0,0
2618,0,2810,754,274
2619,777,2718,1618,0
2620,96,1053,798,511
2621,416,2581,1082,0
2622,0,1820,0,0
2623,184,490,0,0
2624,0,636,173,867
2625,0,3075,0,0
2626,0,0,0,0
2627,70,1794,387,598
2628,386,906,154,80
2629,689,3443,0,0
2630,256,601,102,53
2631,65,719,545,349
2701,137,283,31,21
2702,405,747,592,342
2703,61,1500,704,429
2704,1129,2332,253,172
2705,482,3605,255,114
2706,0,0,0,0
2707,1256,5712,538,0
2708,957,4305,765,0
2709,3408,9266,0,2130
2710,1315,8276,904,137
2711,0,1467,1467,386
2712,148,305,33,23
2713,156,755,286,78
2714,5313,7270,93,913
2715,5809,8540,0,99
2716,3844,9884,0,0
2717,10083,9193,0,68
2718,166,3163,375,0
2719,519,1073,116,79
2720,111,1053,831,55
2721,627,1296,141,96
2722,292,1364,195,195
2723,0,1416,665,231
2724,279,2558,1209,1116
2725,4818,3929,0,0
2726,5070,6654,0,0
2727,0,0,0,0
2728,333,1622,624,541
2729,10,21,2,2
2730,651,326,543,0
2731,0,0,0,0
2732,0,0,0,0
2733,497,1027,111,76
2734,0,0,0,0
2735,0,0,0,0
2736,0,0,0,0
2737,0,0,0,0
2738,0,0,0,0
2739,0,0,0,0
2740,0,0,0,0
2801,179,2283,761,134
2802,583,2041,1749,1239
2803,840,1253,606,234
2804,225,1353,535,113
2805,0,1328,1082,640
2806,0,0,0,0
2807,16,23,11,4
2808,290,432,209,81
2809,181,1390,1148,423
2810,325,485,235,91
2811,275,411,199,77
2812,167,249,120,46
2813,267,1140,1043,291
2814,0,200,1081,601
2815,0,502,548,183
2816,320,477,231,89
2817,110,2191,2082,164
2818,0,963,257,706
2819,765,4946,1530,408
2820,12872,2734,0,0
2821,2395,5146,866,0
2822,0,0,0,0
2823,298,445,215,83
2824,0,0,0,0
2825,0,0,0,0
2826,111,166,80,31
2901,1863,2950,17,6
2902,321,508,3,1
2903,0,0,0,0
2904,2695,5389,172,229
2905,1134,3654,126,0
2906,7668,11179,0,0
2907,3282,10600,0,0
2908,3505,10617,203,0
2909,2267,10039,194,0
2910,3488,6144,0,0
2911,9520,23687,0,0
2912,19616,8780,0,0
2913,6321,7692,0,0
2914,12262,16248,0,0
2915,2292,3629,21,7
2916,412,617,0,0
2917,564,268,0,0
2918,0,0,0,0
2919,0,0,0,0
2920,255,404,2,1
2921,1901,2633,0,0
2922,558,1356,0,0
2923,1350,2307,0,0
3001,0,0,0,0
3002,602,3867,14,56
3003,953,3524,176,73
3004,192,0,0,0
3005,2657,3276,0,0
3006,984,3518,275,72
3007,854,5293,256,0
3008,280,2330,0,0
3009,52,696,0,0
3010,3716,3999,242,0
3011,1434,3594,0,0
3012,3165,8715,329,0
3013,867,1028,0,0
3014,1006,8422,0,0
3015,380,1019,167,0
3016,395,969,33,6
3017,1151,1570,0,0
3018,400,2228,286,0
3019,1410,3103,94,0
3020,1576,2837,84,105
3021,3424,2974,0,0
3022,837,2621,110,0
3023,5039,4296,0,0
3024,0,0,0,0
3025,796,4145,0,0
3026,671,4171,184,0
3027,185,4319,115,0
3028,0,2194,331,0
3029,19,443,135,15
3030,0,639,0,63
3031,160,2140,0,0
3032,2173,1852,0,0
3033,4033,3438,0,0
3034,0,0,0,0
3035,399,2477,109,0
3036,805,5167,19,75
3037,193,1603,0,0
3038,128,664,0,0
3039,285,1772,78,0
3040,1004,3144,132,0
3041,689,2461,192,51
3042,2312,2008,0,0
3043,1032,2819,0,0
3044,4248,2486,0,0
3045,4147,3602,0,0
3046,323,2011,89,0
3047,1527,4205,159,0
3048,2611,3220,0,0
3049,14,325,99,11
3050,151,788,0,0
3051,111,577,0,0
3052,1440,3608,0,0
3053,234,586,0,0
3054,1651,4512,0,0
3055,417,2675,10,39
3056,604,2233,112,46
3057,543,2007,100,41
3058,2313,2851,0,0
3059,1190,1467,0,0
3060,845,3019,236,62
3061,814,2910,228,60
3062,176,1467,0,0
3063,244,2029,0,0
3064,80,661,0,0
3065,166,1379,0,0
3066,169,2260,0,0
3067,58,779,0,0
3068,101,1349,0,0
3069,98,1307,0,0
3070,746,1869,0,0
3071,889,1055,0,0
3072,397,1064,175,0
3073,116,310,51,0
3074,205,550,90,0
3075,341,913,150,0
3076,1084,1950,58,72
3077,524,944,28,35
3078,1312,4107,172,0
3079,2735,1601,0,0
3080,289,1504,0,0
3081,0,1511,228,0
3082,0,1357,205,0
3083,58,1324,403,46
3084,93,2131,649,74
3085,0,948,0,93
3086,0,2041,0,201
3101,0,1568,1568,697
3102,388,872,969,1163
3103,267,439,73,58
3104,30,426,183,61
3105,1003,1357,944,0
3106,251,1004,251,0
3107,3301,8558,1100,611
3108,0,1633,0,753
3109,266,436,72,57
3110,595,977,162,129
3111,0,636,0,273
3112,193,317,52,42
3113,157,1670,0,522
3114,13663,8241,0,0
3115,123,202,33,27
3116,728,1195,198,157
3117,141,231,38,30
3118,265,435,72,57
3119,208,342,56,45
3120,194,318,53,42
3121,0,1549,0,0
3122,0,3100,0,0
3123,50,81,13,11
3124,72,361,108,0
3125,0,0,0,0
3126,0,0,0,0
3127,0,0,0,0
3201,1784,2109,83,10
3202,0,1559,267,0
3203,3420,977,0,0
3204,1158,5964,289,0
3205,622,5950,400,0
3206,6900,5859,0,0
3207,1067,4303,147,184
3208,1545,3639,0,0
3209,3529,5859,0,0
3210,2092,5579,507,0
3211,587,6569,0,0
3212,2171,5849,543,0
3213,1235,4465,902,0
3214,8927,5091,0,0
3215,79,93,4,0
3216,98,554,163,0
3217,0,0,0,0
3218,0,227,739,0
3219,228,269,11,1
3220,2525,646,0,0
3221,187,221,9,1
3222,879,0,0,0
3223,22590,10818,0,212
3224,12279,0,0,0
3225,560,840,0,0
3226,8098,7438,0,0
3227,6620,6530,0,0
3228,0,0,0,0
3229,0,3640,383,0
3230,643,760,30,4
3231,2689,2603,0,0
3232,0,794,0,0
3233,157,1038,0,0
3234,767,4177,0,128
3235,728,1699,0,0
3236,1594,7075,0,0
3237,0,0,0,0
3238,0,0,0,0
3239,203,240,9,1
3240,0,0,0,0
3241,393,465,18,2
3242,0,0,0,0
3243,0,0,0,0
3301,3719,8357,251,0
3302,184,1707,0,0
3303,0,0,0,0
3304,188,675,7,0
3305,0,0,0,0
3306,2863,13397,0,0
3307,230,651,0,0
3308,203,1727,0,0
3309,0,0,0,0
3310,0,0,0,0
3311,0,0,0,0
3312,0,0,0,0
3313,207,744,7,0
3314,0,0,0,0
3315,0,0,0,0
3401,608,250,10,4
3402,1902,2078,70,176
3403,1567,974,47,20
3404,1212,0,0,0
3405,3399,4098,373,0
3406,5154,1885,70,0
3407,2765,1547,91,0
3408,3431,679,0,0
3409,0,0,0,0
3410,1523,627,25,11
3411,2418,168,0,0
3412,5894,5257,0,0
3413,2007,0,0,0
3414,783,0,0,0
3415,0,0,0,0
3416,1850,676,25,0
3417,1212,499,20,9
3418,4281,3819,0,0
3419,3182,1978,96,41
3420,770,842,29,71
3421,1030,1125,38,95
3422,1138,708,34,15
3423,293,320,11,27
3425,5953,592,0,74
3426,1290,89,0,0
3427,2426,168,0,0
3428,2254,156,0,0
3429,4575,905,0,0
3430,3358,664,0,0
3431,1646,325,0,0
3432,2316,1439,70,30
3433,1740,1081,52,22
3434,989,615,30,13
3435,2409,167,0,0
3436,746,900,82,0
3437,1774,649,24,0
3438,2225,814,30,0
3439,3533,1977,117,0
3440,4225,2364,140,0
3441,3335,1866,110,0
3442,1735,0,0,0
3443,1075,668,32,14
3444,3599,2014,119,0
3445,1940,135,0,0
3446,3067,213,0,0
3447,1588,110,0,0
3448,0,0,0,0
3449,1127,78,0,0
3450,1977,137,0,0
3451,1707,118,0,0
3452,0,0,0,0
3453,2355,466,0,0
3454,0,0,0,0
3455,2211,437,0,0
3456,1287,254,0,0
3457,991,616,30,13
3458,1372,852,41,18
3459,1653,1027,50,21
3460,4691,466,0,58
3461,3427,341,0,43
3462,972,1062,36,90
3463,460,503,17,43
3464,906,990,34,84
3465,337,368,12,31
3466,3364,1230,46,0
3467,2050,750,28,0
3468,1465,1766,161,0
3469,369,445,40,0
3470,2743,0,0,0
3471,868,486,29,0
3501,1271,675,199,397
3502,96,1630,192,192
3503,153,1069,267,687
3504,34,1597,680,136
3505,119,1725,595,119
3506,46,1114,464,325
3507,682,765,203,120
3508,35,52,35,35
3509,60,2085,685,119
3510,1026,1520,608,342
3511,154,1580,963,462
3512,1612,1612,230,269
3513,408,458,122,72
3514,14141,6381,0,0
3515,3349,3757,997,588
3516,2226,2497,662,391
3517,0,0,0,0
3518,145,163,43,26
3519,2780,3119,828,488
3520,0,0,0,0
3521,350,393,104,61
3522,0,1759,195,0
3523,0,563,229,438
3524,0,1846,90,0
3525,797,894,237,140
3526,369,414,110,65
3527,0,788,543,0
3528,61,547,1124,152
3529,69,758,999,655
3530,0,1265,172,0
3531,938,1052,279,165
3532,270,1893,744,0
3533,190,728,665,253
3534,108,457,134,0
3535,170,191,51,30
3536,0,0,0,0
3537,0,0,0,0
3538,32,35,9,6
3539,170,1613,679,42
3540,85,793,312,142
3541,502,563,149,88
3542,0,0,0,0
3543,598,2019,972,1719
3544,12449,5928,0,0
3545,13294,8143,0,196
3546,119,133,35,21
3547,630,706,187,111
3548,886,994,264,156
3549,0,0,0,0
3550,5995,6725,1784,1053
3551,918,2435,1038,878
3552,2235,2507,665,393
3553,0,0,0,0
3554,0,180,270,405
3555,0,940,1161,442
3556,317,355,94,56
3557,56,63,17,10
3558,106,119,32,19
3559,0,0,0,0
3560,491,551,146,86
3561,582,653,173,102
3562,0,0,0,0
3563,0,0,0,0
3564,0,0,0,0
3565,0,0,0,0
3566,0,0,0,0
3567,0,0,0,0
3568,907,0,0,0
3569,0,0,0,0
3570,0,0,0,0
3601,13091,16267,194,0
3602,4919,4541,204,0
3603,1479,4884,0,0
3604,1114,3072,0,0
3605,435,782,36,0
3606,1119,4227,0,0
3607,2369,1593,0,21
3608,2301,2413,74,22
3609,5368,2836,83,28
3610,4,8,0,0
3611,2600,2874,128,0
3612,3449,3833,0,0
3613,3876,4833,0,0
3614,2837,1199,0,0
3615,5492,1420,0,0
3616,7946,4488,0,809
3617,5986,4863,0,0
3618,2981,4755,0,0
3619,2877,6036,236,0
3620,0,0,0,0
3621,2209,8253,0,0
3622,2680,8191,0,0
3623,688,2064,0,0
3624,1283,2620,67,40
3625,3381,3120,140,0
3626,448,414,19,0
3627,993,3279,0,0
3628,1211,3340,0,0
3629,1258,4753,0,0
3630,4309,4518,139,42
3631,3409,3575,110,33
3632,5393,2849,83,28
3633,712,1719,0,0
3634,1459,3519,0,0
3635,634,1531,0,0
3636,3590,3969,177,0
3637,1883,2082,93,0
3638,3085,3411,152,0
3639,2157,2385,106,0
3640,2841,3156,0,0
3641,4501,2542,0,458
3642,267,426,0,0
3643,0,0,0,0
3644,552,1687,0,0
3645,2136,4360,111,67
3646,643,1313,34,20
3647,541,864,0,0
3648,782,1640,64,0
3649,919,2871,0,0
3650,1746,6523,0,0
3651,1198,3955,0,0
3652,1022,3375,0,0
3653,809,2670,0,0
3654,854,2356,0,0
3655,0,0,0,0
3656,2277,4098,190,0
3657,441,1668,0,0
3658,2016,1356,0,18
3659,399,268,0,4
3660,1570,1056,0,14
3661,2843,1912,0,25
3662,4253,4459,138,41
3663,3097,1636,48,16
3664,1772,936,27,9
3665,3290,1738,51,17
3666,4143,2189,64,21
3667,1127,2718,0,0
3668,2738,1157,0,0
3669,7470,3157,0,0
3670,613,1838,0,0
3671,868,1771,45,27
3672,0,0,0,0
3701,0,0,0,0
3702,0,0,0,0
3703,242,758,19,5
3704,1193,2876,0,0
3705,258,1400,0,0
3706,0,958,0,0
3707,1017,2761,0,0
3708,574,4531,0,0
3709,982,2454,0,0
3710,17,52,1,0
3711,1046,2999,0,0
3712,92,287,7,2
3713,1465,3186,0,0
3714,821,2426,250,0
3715,234,1309,0,0
3716,2726,3635,0,0
3717,2440,5489,966,152
3718,311,1370,0,0
3719,48,150,4,1
3720,364,2181,0,0
3721,737,3498,0,0
3722,283,3392,0,0
3723,0,0,0,0
3724,513,1538,0,0
3725,90,1401,181,226
3726,919,2036,0,0
3727,290,436,0,0
3728,241,1931,0,0
3729,1584,4877,0,0
3730,0,0,0,0
3731,0,0,0,0
3732,0,0,0,0
3733,0,0,0,0
3734,0,0,0,0
3735,0,0,0,0
3736,0,0,0,0
3737,0,0,0,0
3738,0,0,0,0
3739,0,0,0,0
3740,0,0,0,0
3741,0,0,0,0
3742,0,0,0,0
3743,0,0,0,0
3744,264,828,20,6
3745,0,0,0,0
3746,0,0,0,0
3747,0,0,0,0
3748,0,0,0,0
3749,0,0,0,0
3750,0,0,0,0
3751,0,0,0,0
3752,0,0,0,0
3753,0,0,0,0
3754,0,0,0,0
3755,0,0,0,0
3756,0,0,0,0
3757,0,0,0,0
3758,0,0,0,0
3759,0,0,0,0
3760,0,0,0,0
3761,550,1722,42,11
3762,400,1253,31,8
3763,0,0,0,0
3764,0,0,0,0
3765,0,0,0,0
3766,0,0,0,0
3767,0,0,0,0
3768,0,0,0,0
3801,0,0,0,0
3802,1162,1819,222,107
3803,1607,2515,307,148
3804,249,389,47,23
3805,433,678,83,40
3806,388,607,74,36
3807,7616,11923,1453,703
3808,750,1174,143,69
3809,650,1018,124,60
3810,359,562,68,33
3811,0,0,0,0
3812,0,0,0,0
3813,2225,3483,425,205
3814,199,312,38,18
3815,2220,3476,424,205
3816,124,194,24,11
3817,1119,1752,214,103
3818,186,291,36,17
3819,0,0,0,0
3820,75,118,14,7
3821,0,0,0,0
3822,0,0,0,0
3823,245,383,47,23
3824,0,0,0,0
3825,0,0,0,0
3826,121,190,23,11
3827,0,0,0,0
3828,203,318,39,19
3829,0,0,0,0
3830,0,0,0,0
3831,0,0,0,0
3832,204,319,39,19
3833,475,743,91,44
3834,1158,1814,221,107
3835,107,167,20,10
3836,0,0,0,0
3837,136,213,26,13
3838,0,0,0,0
3839,0,0,0,0
3840,362,567,69,33
3841,0,0,0,0
3842,255,400,49,24
3843,439,687,84,41
3844,105,165,20,10
3845,0,0,0,0
3846,355,556,68,33
3847,195,305,37,18
3848,0,0,0,0
3849,219,343,42,20
3850,307,480,59,28
3851,291,455,55,27
3852,0,0,0,0
3853,315,494,60,29
3854,0,0,0,0
3855,441,690,84,41
3856,261,409,50,24
3857,1061,1661,203,98
3858,1923,3010,367,177
3859,93,146,18,9
3860,208,325,40,19
3861,0,0,0,0
3862,247,386,47,23
3863,0,0,0,0
3864,444,695,85,41
3865,249,389,47,23
3866,0,0,0,0
3867,0,0,0,0
3868,284,445,54,26
3869,0,0,0,0
3870,388,608,74,36
3871,38,59,7,3
3872,353,552,67,33
3873,218,342,42,20
3874,0,0,0,0
3875,0,0,0,0
3876,318,498,61,29
3877,309,484,59,29
3878,875,1370,167,81
3879,0,0,0,0
3880,0,0,0,0
3881,147,230,28,14
3882,0,0,0,0
3883,0,0,0,0
3884,0,0,0,0
3885,0,0,0,0
3886,0,0,0,0
3887,0,0,0,0
3888,0,0,0,0
3889,0,0,0,0
3890,0,0,0,0
3891,0,0,0,0
3892,0,0,0,0
3893,0,0,0,0
3894,0,0,0,0
3895,0,0,0,0
3896,0,0,0,0
3897,0,0,0,0
3901,2624,1829,1034,398
3902,1671,6882,0,0
3903,17314,12385,601,0
3904,6993,27973,0,0
3905,2260,13085,1229,872
3906,102,165,0,102
3907,1636,8800,3180,1173
3908,293,1416,879,0
3909,2531,11194,2611,672
3910,13894,21878,363,0
3911,11283,12838,0,0
3912,1388,1351,788,0
3913,126,243,22,7
3914,0,0,0,0
3915,0,0,0,0
3916,0,0,0,0
3917,0,0,0,0
4001,374,586,71,35
4002,5107,7994,975,471
4003,693,1085,132,64
4004,1506,2358,287,139
4005,1519,2378,290,140
4006,80,126,15,7
4007,363,568,69,34
4008,606,949,116,56
4009,167,262,32,15
4010,368,576,70,34
4011,967,1513,185,89
4012,0,0,0,0
4013,431,674,82,40
4014,842,1318,161,78
4015,297,464,57,27
4016,0,0,0,0
4017,0,0,0,0
4018,0,0,0,0
4019,0,0,0,0
4020,0,0,0,0
4021,0,0,0,0
4022,0,0,0,0
4023,0,0,0,0
4101,0,0,0,0
4102,0,0,0,0
4103,272,272,0,0
4104,0,0,0,0
4105,0,0,0,0
4106,0,0,0,0
4107,0,0,0,0
4108,0,0,0,0
4109,0,0,0,0
4110,0,0,0,0
4111,0,0,0,0
4112,0,0,0,0
4113,0,0,0,0
4114,1618,1618,0,0
4115,0,0,0,0
4116,4567,4567,0,0
4117,0,0,0,0
4118,0,0,0,0
4119,0,0,0,0
4120,0,0,0,0
4121,0,0,0,0
4122,0,0,0,0
4123,0,0,0,0
4124,0,0,0,0
4125,0,0,0,0
4126,0,0,0,0
4127,0,0,0,0
4128,0,0,0,0
4129,0,0,0,0
4130,0,0,0,0
4131,0,0,0,0
4132,0,0,0,0
4133,0,0,0,0
4134,0,0,0,0
4135,0,0,0,0
4136,0,0,0,0
4137,0,0,0,0
4138,0,0,0,0
4139,0,0,0,0
4140,0,0,0,0
4141,0,0,0,0
4142,0,0,0,0
4143,0,0,0,0
4144,0,0,0,0
4145,0,0,0,0
4146,0,0,0,0
4147,0,0,0,0
4148,0,0,0,0
4149,0,0,0,0
4150,0,0,0,0
4151,0,0,0,0
4152,0,0,0,0
4153,0,0,0,0
4154,0,0,0,0
4155,0,0,0,0
4156,0,0,0,0
4157,0,0,0,0
4158,0,0,0,0
4159,0,0,0,0
4160,0,0,0,0
4161,0,0,0,0
4162,0,0,0,0
4163,0,0,0,0
4164,0,0,0,0
4165,0,0,0,0
4201,0,0,0,0
4202,198,504,15,14
4203,131,334,10,9
4204,110,1432,0,0
4205,401,3343,0,0
4206,170,340,340,0
4207,0,1629,0,501
4208,0,438,0,0
4209,0,0,0,0
4210,722,2700,152,0
4211,3198,6815,262,0
4212,4706,6977,0,0
4213,518,1321,38,37
4214,971,2549,0,243
4215,0,0,0,0
4216,0,0,0,0
4217,0,0,0,0
4218,0,0,0,0
4219,0,0,0,0
4301,0,835,295,491
4302,35,592,191,0
4303,0,1672,363,654
4304,0,167,836,769
4305,0,826,379,344
4306,0,0,0,0
4307,0,0,0,0
4308,317,2005,211,0
4309,10,178,67,66
4310,0,0,0,0
4311,0,0,0,0
4312,0,0,0,0
4313,15,254,95,94
4314,0,0,0,0
4315,0,0,0,0
4316,0,0,0,0
4317,0,0,0,0
4318,0,0,0,0
4319,0,0,0,0
4320,0,0,0,0
4321,16,269,100,100
4322,0,0,0,0
4323,0,0,0,0
4324,0,0,0,0
4325,0,0,0,0
4326,0,0,0,0
4327,0,0,0,0
4328,105,1828,682,677
4329,0,0,0,0
4330,0,0,0,0
4331,0,0,0,0
4332,0,0,0,0
4333,0,0,0,0
4334,0,0,0,0
4335,0,0,0,0
4336,0,0,0,0
4337,0,0,0,0
4338,0,0,0,0
4339,0,0,0,0
4340,0,0,0,0
4341,0,0,0,0
4342,0,0,0,0
4343,0,0,0,0
4344,0,0,0,0
4345,0,0,0,0
4346,0,0,0,0
4347,0,0,0,0
4348,0,0,0,0
4349,0,0,0,0
4350,0,0,0,0
4351,0,0,0,0
4352,0,0,0,0
4353,0,0,0,0
4354,0,0,0,0
4355,0,0,0,0
4356,0,0,0,0
4357,0,0,0,0
4358,0,0,0,0
4359,0,0,0,0
4360,0,0,0,0
4361,0,0,0,0
4362,0,0,0,0
4363,0,0,0,0
4364,0,0,0,0
4365,0,0,0,0
4366,0,0,0,0
4367,0,0,0,0
4368,0,0,0,0
4369,0,0,0,0
4401,5939,24818,375,0
4402,0,0,0,0
4403,1663,3373,0,0
4404,0,0,0,0
4405,0,0,0,0
4406,0,0,0,0
4407,0,0,0,0
4408,0,0,0,0
4409,0,0,0,0
4410,68,252,3,0
4411,0,0,0,0
4412,0,0,0,0
4413,0,0,0,0
4501,0,0,0,0
4502,0,0,0,0
4503,0,0,0,0
4504,0,0,0,0
4505,0,0,0,0
4506,0,0,0,0
4507,0,0,0,0
4508,0,0,0,0
4509,0,0,0,0
4510,0,0,0,0
4511,0,0,0,0
4512,0,0,0,0
4513,0,0,0,0
4514,0,0,0,0
4515,0,0,0,0
4516,0,0,0,0
4517,0,0,0,0
4518,0,0,0,0
4519,0,0,0,0
4520,0,0,0,0
4521,0,0,0,0
4522,105,164,20,10
4523,0,0,0,0
4524,398,624,76,37
4525,302,473,58,28
4526,0,0,0,0
4527,0,0,0,0
4528,0,0,0,0
4529,0,0,0,0
4530,0,0,0,0
4531,0,0,0,0
4532,0,0,0,0
4533,0,0,0,0
4534,0,0,0,0
4535,0,0,0,0
4536,0,0,0,0
4537,175,274,33,16
4538,0,0,0,0
4539,0,0,0,0
4601,0,0,0,0
4602,0,0,0,0
4603,0,0,0,0
4604,0,0,0,0
4605,0,0,0,0
4606,0,0,0,0
4607,0,0,0,0
4608,0,0,0,0
4609,0,0,0,0
4610,0,0,0,0
4611,0,0,0,0
4612,0,0,0,0
4613,0,0,0,0
4614,0,0,0,0
4615,0,0,0,0
4616,0,0,0,0
4617,0,0,0,0
4618,0,0,0,0
4619,0,0,0,0
4701,846,1325,162,78
4702,1223,1915,233,113
4703,1594,2496,304,147
4801,1525,2388,291,141
4802,0,0,0,0
4901,0,0,0,0
5001,200,639,50,0
5002,1042,3334,260,0
5003,21400,11143,52,0
5004,10234,5329,25,0
5005,870,574,21,1
5006,3226,1780,0,0
5007,3765,2078,0,0
5008,7882,2803,0,0
5009,3806,1353,0,0
5010,3321,1833,0,0
5011,5873,3242,0,0
5012,3208,1771,0,0
5013,2872,1586,0,0
5014,1210,430,0,0
5015,6598,2346,0,0
5016,3741,1331,0,0
5017,4275,2360,0,0
5018,3616,1996,0,0
5019,429,283,10,0
5020,2314,3718,496,0
5021,2691,4325,577,0
5022,3180,5111,681,0
5023,0,0,0,0
5024,0,0,0,0
5025,1643,3016,135,0
5026,982,1803,81,0
5027,535,248,3,3
5028,1157,537,8,8
5029,1419,659,9,9
5030,1700,789,11,11
5031,29,47,6,0
5032,1355,2488,111,0
5033,502,922,41,0
5034,695,1275,57,0
5035,550,255,4,4
5036,1520,706,10,10
5037,446,207,3,3
5038,2893,1343,19,19
5039,1684,782,11,11
5101,0,0,0,0
5102,205,930,260,34
5103,0,0,0,0
5104,106,481,134,17
5105,80,364,102,13
5106,51,233,65,8
5107,39,1013,546,0
5108,427,374,134,53
5109,364,2092,0,0
5110,192,870,243,31
5111,459,2087,582,75
5112,189,857,239,31
5113,225,1022,285,37
5114,71,322,90,12
5115,0,0,0,0
5116,160,727,203,26
5117,0,290,373,83
5118,113,514,143,19
5201,11,0,0,0
5202,347,2979,445,193
5203,891,4691,297,0
5204,0,2452,783,470
5205,59,507,76,33
5206,0,1696,0,275
5207,439,2674,639,0
5208,90,773,115,50
5209,0,0,0,0
5210,0,0,0,0
5211,57,490,73,32
5301,167,2030,597,191
5302,258,3098,904,258
5303,245,1765,784,784
5304,148,1700,776,406
5305,68,1397,511,409
5401,134,3314,851,45
5402,688,1204,1204,0
5403,141,4042,387,0
5404,301,2782,977,100
5405,249,2143,608,54
5406,382,2237,546,218
5407,37,933,149,0
5408,0,0,0,0
5409,0,0,0,0
5501,0,415,277,0
5502,341,455,455,0
5503,274,219,109,219
5504,0,0,0,0
5505,0,587,293,0
5506,0,0,0,0
5507,1310,4583,164,218
5508,127,1681,254,254
5509,271,271,542,362
5510,0,201,73,164
5511,0,0,0,0
5512,0,838,0,0
5513,282,3663,0,0
5514,512,1917,270,107
5515,106,396,56,22
5516,467,2262,0,0
5517,0,0,0,0
5518,800,267,0,0
5519,250,937,132,52
5520,24,1371,313,216
5521,0,0,0,0
5522,0,0,0,0
5523,4,15,2,1
5524,0,0,0,0
5525,226,2083,317,0
5526,0,0,0,0
5527,113,422,60,23
5528,62,278,186,0
5529,0,563,0,0
5530,164,1309,491,131
5531,0,0,0,0
5532,0,0,0,0
5533,64,240,34,13
5534,105,394,56,22
5535,0,398,0,0
5536,70,262,37,15
5537,64,238,34,13
5538,0,0,0,0
5539,249,388,83,0
5540,0,404,0,0
5541,69,260,37,14
5542,225,844,119,47
5543,938,2613,670,0
5544,308,2468,0,0
5545,0,0,0,0
5546,101,908,0,0
5547,234,877,124,49
5548,0,0,0,0
5549,0,0,0,0
5550,0,0,0,0
5551,1152,2633,987,494
5552,559,931,0,0
5553,0,0,0,0
5554,0,0,0,0
5555,0,0,0,0
5556,0,0,0,0
5557,0,0,0,0
5558,0,0,0,0
5559,0,0,0,0
5560,0,0,0,0
5561,2213,5188,0,0
5562,0,0,0,0
5563,0,0,0,0
5564,0,0,0,0
5565,0,0,0,0
5601,50,495,644,991
5602,48,241,1010,1924
5603,283,1273,1273,1273
5604,52,1334,706,889
5605,63,223,69,51
5606,39,138,43,32
5607,0,0,0,0
5608,276,976,303,222
5609,252,2899,315,0
5610,2248,0,0,0
5611,1264,5914,677,0
5612,2604,8137,868,0
5613,100,355,110,81
5614,127,449,140,102
5615,0,0,0,0
5616,0,0,0,0
5617,50,177,55,40
5618,121,430,134,98
5619,126,445,138,101
5620,0,1280,788,0
5621,0,893,510,510
5622,278,985,306,224
5623,95,337,105,77
5624,82,291,91,66
5625,0,0,0,0
5626,284,1007,313,229
5627,341,1209,376,275
5628,386,2980,1122,210
5701,0,1758,1005,0
5702,0,1340,459,0
5703,138,828,345,0
5704,1240,1579,338,677
5705,152,696,348,195
5706,0,232,464,386
5707,0,1952,0,0
5708,63,290,145,81
5709,51,236,118,66
5710,0,912,555,436
5711,0,455,303,880
5712,99,642,987,49
5713,110,1103,588,368
5714,337,1406,337,0
5715,251,1336,376,209
5716,76,687,153,458
5717,1310,1310,0,0
5718,32,273,578,161
5719,76,351,176,98
5720,0,125,249,208
5721,0,88,176,147
5722,0,165,329,274
5723,0,99,198,165
5724,39,332,702,195
5725,13,107,228,63
5801,34,446,308,583
5802,0,0,0,711
5803,0,328,109,301
5804,0,0,1454,0
5805,0,0,0,0
5806,178,44,133,0
5901,0,439,220,0
5902,0,688,393,98
5903,0,364,655,218
5904,0,417,578,482
5905,55,1910,873,819
5906,0,1049,437,87
5907,0,362,815,181
5908,79,1269,159,714
5909,0,0,0,0
5910,0,0,0,0
5911,0,0,0,0
5912,0,0,0,0
5913,0,0,0,0
5914,0,260,130,111
5915,0,0,0,0
5916,0,0,0,0
5917,0,0,0,0
5918,76,709,152,101
5919,0,0,0,0
5920,0,0,0,0
5921,0,0,0,0
5922,0,0,0,0
5923,27,269,172,97
5924,0,0,0,0
5925,0,0,0,0
5926,0,0,0,0
5927,0,0,0,0
5928,0,0,0,0
5929,0,0,0,0
5930,0,0,0,0
5931,26,342,1499,526
5932,0,341,632,389
5933,19,185,118,67
5934,170,284,227,0
5935,97,970,194,0
5936,106,565,212,0
5937,111,940,359,111
5938,0,316,345,58
5939,0,145,339,266
5940,0,183,183,0
5941,0,336,0,471
5942,205,564,410,308
5943,54,763,545,381
5944,0,737,316,0
5945,437,749,499,999
5946,95,403,356,95
5947,406,1529,281,31
5948,0,385,275,220
5949,0,1011,218,159
5950,0,572,95,0
5951,0,202,539,135
5952,0,410,328,164
5953,0,474,375,0
5954,0,682,243,438
5955,0,191,167,96
5956,144,432,336,0
5957,0,934,0,325
5958,0,973,508,169
5959,103,981,645,103
5960,0,284,756,0
5961,27,328,520,0
5962,0,528,808,497
5963,0,0,0,0
5964,26,62,7,15
5965,106,248,266,35
5966,57,560,358,202
5967,21,583,624,312
5968,0,297,66,0
5969,70,296,52,0
5970,243,1152,364,424
5971,261,522,0,620
5972,65,646,413,233
5973,117,1288,937,469
5974,0,580,283,198
5975,0,0,0,0
5976,0,0,0,0
5977,0,0,0,0
5978,0,0,0,0
5979,0,0,0,0
5980,0,0,0,0
5981,0,0,0,0
5982,0,0,0,0
5983,0,0,0,0
5984,0,0,0,0
5985,0,0,0,0
5986,0,0,0,0
5987,0,0,0,0
5988,0,0,0,0
5989,0,0,0,0
9000,0,0,0,0
9001,0,0,0,0
9002,0,0,0,0
9003,0,0,0,0
9004,0,0,0,0
9005,0,0,0,0
9006,0,0,0,0
9007,0,0,0,0
