TZ_2013,Office,Retail,Manufacturing,Service,Warehouse,Community,Construction,Transport,Parking,Recreation,Personel (School),Scholars (School),Personel (Tertiary),Student (Tertiary),Agricultural
1001,1598,0,717,278,198,0,1380,237,722,397,431,1330,161,603,242
1002,1353,0,225,89,235,0,502,133,613,229,489,1003,53,137,4
1003,2278,167,763,83,165,0,2161,262,470,343,330,1993,184,721,86
1004,1515,0,475,53,51,0,1610,368,469,368,422,1015,27,475,58
1005,930,0,254,85,254,0,1352,85,85,423,254,6,17,0,1
1006,227,39,540,0,0,0,344,141,156,156,78,44,39,352,0
1007,0,0,0,0,0,0,0,0,0,0,0,0,0,0,0
1008,1414,117,75,0,0,33,509,117,517,67,139,1379,133,75,1
1009,0,0,0,0,0,0,0,0,0,0,0,0,0,0,0
1010,0,0,0,0,0,0,0,0,0,0,0,0,0,0,0
1011,0,0,0,0,0,0,0,0,0,0,0,0,0,0,0
1012,2141,145,482,151,73,0,1347,36,739,286,432,1945,177,454,151
1013,1804,55,313,26,27,0,303,117,304,227,422,1804,56,314,28
1014,548,63,405,57,177,0,685,57,0,177,228,548,67,405,57
1015,993,96,96,32,64,0,192,0,256,128,192,995,97,96,32
1016,934,41,277,55,77,4,643,98,276,187,213,765,39,234,43
1017,147,0,117,0,0,0,57,33,33,77,100,149,0,117,0
1018,0,0,0,0,0,0,0,0,0,0,0,0,36,0,0
1019,0,0,0,0,0,0,0,0,0,0,0,0,0,0,0
1020,0,0,0,0,0,0,0,0,0,0,0,0,0,0,0
1021,0,0,0,0,0,0,0,0,0,0,0,0,0,0,0
1022,0,0,0,0,0,0,0,0,0,0,0,0,0,0,0
1023,0,0,0,0,0,0,0,0,0,0,0,10,7,38,49
1024,171,0,0,24,24,0,24,0,73,49,0,193,0,23,40
1025,313,0,117,39,0,39,156,39,117,156,0,363,23,117,39
1026,444,20,132,26,36,2,305,47,131,89,101,363,21,111,20
1101,1185,239,200,368,97,35,166,69,562,203,296,899,288,107,199
1102,138,11,24,20,19,3,58,14,52,15,35,206,738,2221,226
1103,699,57,123,99,99,15,294,70,263,74,175,556,42,85,100
1104,2110,54,115,351,290,0,647,236,659,0,544,1888,62,216,253
1105,26,2,4,4,4,1,11,3,10,3,6,65,11,2065,728
1106,209,17,37,30,29,5,88,21,78,22,52,307,150,3291,1176
1107,2629,363,138,408,276,0,710,0,1225,184,941,2549,330,138,368
1108,0,0,0,0,0,0,0,0,0,0,0,41,5,597,44
1109,1670,0,959,0,0,0,742,247,247,464,433,559,292,228,55
1110,3223,148,493,396,445,0,748,543,1344,398,588,2033,250,233,182
1111,1594,204,270,204,136,34,1017,68,779,272,370,1305,287,207,221
1112,895,59,194,97,172,23,253,79,325,145,172,930,64,194,97
1113,1415,0,129,82,44,0,400,88,377,41,92,1363,40,130,86
1114,0,0,0,0,0,0,205,0,0,0,0,146,532,11,115
1115,1912,164,192,116,264,0,630,125,565,239,284,1696,142,149,96
1116,1816,0,252,0,86,45,1004,169,559,214,41,1650,22,211,1
1117,1329,0,394,79,0,38,950,150,543,75,280,1055,13,233,45
1118,109,9,19,16,15,2,46,11,41,12,27,128,7,13,11
1119,2701,144,771,145,145,145,821,244,769,194,622,1630,151,480,100
1120,351,0,266,155,106,24,538,53,265,0,122,204,0,266,106
1121,1222,39,119,210,118,16,365,50,313,241,309,625,56,119,68
1122,1077,57,398,0,340,0,624,169,513,57,112,974,138,409,14
1123,537,307,281,179,0,0,358,179,0,0,384,518,340,290,199
1124,2246,0,325,360,172,39,491,599,720,78,767,1914,63,366,410
1125,2718,512,182,1050,1233,319,1739,277,1182,182,1472,1803,347,136,542
1126,1882,457,188,377,374,0,885,154,1139,193,316,1779,433,188,325
1127,99,99,0,99,198,0,99,0,0,99,77,7,33,0,8
1128,2342,0,274,280,443,39,1324,0,1040,407,548,1935,36,345,241
1129,0,0,0,0,0,0,0,0,0,0,0,0,0,0,0
1201,0,0,0,0,0,0,0,0,0,0,0,256,11,3867,877
1202,0,0,0,0,0,0,0,0,0,0,0,74,30,917,639
1203,4836,0,123,3005,1488,0,250,0,1003,123,1309,3573,26,123,1236
1204,4757,120,42,980,1996,311,1691,120,1386,992,1794,3684,90,43,586
1205,2177,182,546,727,1593,182,1458,0,1768,956,1559,1718,141,316,497
1206,5689,0,910,772,2452,630,3781,282,3161,1194,1760,3878,38,282,422
1207,8674,937,1694,882,7813,0,1008,566,1503,310,2351,3742,385,429,123
1208,3800,824,163,1687,2392,365,903,369,2369,0,1148,2891,381,122,855
1209,156,11,18,42,92,8,47,7,58,19,52,102,5,7,19
1210,15,1,2,4,9,1,5,1,6,2,5,176,13,2301,185
1211,0,0,0,0,0,0,0,0,0,0,0,216,23,4543,830
1301,2614,414,148,957,947,148,977,59,1371,473,977,2353,389,148,653
1302,2819,184,314,976,580,468,893,95,930,883,1638,2330,160,190,523
1303,481,120,167,48,144,0,261,94,145,48,188,421,136,143,52
1304,146,7,17,20,50,0,47,20,68,17,50,144,3,17,33
1305,700,18,148,111,111,0,220,37,423,129,215,700,25,148,111
1306,312,29,29,169,208,0,137,21,133,63,172,259,29,29,50
1307,400,71,143,642,128,14,300,43,71,271,128,343,71,128,257
1308,0,0,0,0,0,0,0,0,0,0,0,7,0,0,26
1309,345,59,20,148,177,20,98,10,276,79,98,345,61,12,128
1310,390,0,235,34,85,0,117,54,69,83,226,358,0,235,34
1311,496,25,162,47,71,25,189,25,211,47,242,509,29,162,27
1312,470,17,353,33,98,17,441,127,160,292,299,483,22,353,0
1313,1922,164,99,893,705,66,771,131,1374,230,732,1748,361,99,823
1314,0,0,0,0,0,0,0,0,0,0,0,0,264,0,0
1315,0,0,0,0,0,0,0,0,0,0,0,41,29,408,141
1316,225,7,7,38,60,0,97,7,173,37,21,212,6,23,42
1317,314,32,55,140,116,15,140,24,143,83,136,278,27,51,72
1318,374,93,130,37,112,0,203,73,112,37,146,320,68,111,46
1319,305,76,106,30,91,0,165,60,92,30,119,260,46,91,31
1320,347,16,39,48,120,0,111,47,161,39,118,340,8,39,24
1321,632,29,72,88,219,0,203,86,293,72,215,619,22,72,43
1322,0,0,0,0,0,0,0,0,0,0,0,18,35,0,26
1323,250,12,28,35,86,0,80,34,116,28,85,262,48,28,20
1324,733,19,155,116,116,0,231,39,443,135,225,733,19,155,116
1325,0,0,0,0,0,0,0,0,0,0,0,1,0,0,0
1326,331,31,31,180,220,0,145,22,141,66,183,275,31,31,53
1327,467,44,44,254,311,0,205,31,199,94,258,389,44,44,74
1328,136,13,13,74,90,0,60,9,58,27,75,113,13,13,22
1329,358,34,34,194,238,0,157,24,152,72,197,298,34,34,57
1330,311,29,29,169,207,0,136,20,132,63,172,259,29,29,49
1331,374,35,35,203,249,0,164,25,159,75,207,311,37,35,60
1332,502,47,47,273,335,0,220,33,214,101,277,418,47,47,80
1333,428,40,40,233,285,0,188,28,182,86,236,357,87,40,68
1334,286,27,27,155,190,0,125,19,121,57,158,238,27,27,45
1335,185,17,17,100,123,0,81,12,78,37,102,154,17,17,29
1336,276,26,26,150,184,0,121,18,117,55,152,229,26,26,44
1337,242,23,23,131,161,0,106,16,103,49,133,202,24,23,38
1338,0,0,0,0,0,0,0,0,0,0,0,0,0,0,0
1339,0,0,0,0,0,0,0,0,0,0,0,0,0,0,0
1340,354,33,33,192,236,0,155,23,150,71,195,294,33,33,56
1341,0,0,0,0,0,0,0,0,0,0,0,0,0,0,0
1342,0,0,0,0,0,0,0,0,0,0,0,0,0,0,0
1343,0,0,0,0,0,0,0,0,0,0,0,2,0,0,0
1344,306,55,109,492,98,11,229,33,55,208,98,264,55,98,197
1345,241,43,86,387,77,9,181,26,43,163,77,207,43,77,155
1346,197,35,70,317,63,7,148,21,35,134,63,169,35,63,127
1347,225,40,80,362,72,8,169,24,40,153,72,193,43,72,145
1348,240,43,86,386,77,9,180,26,43,163,77,206,43,77,154
1349,199,35,71,319,64,7,149,21,35,135,64,170,35,64,128
1350,318,57,113,510,102,11,238,34,57,215,102,272,60,102,204
1351,0,0,0,0,0,0,0,0,0,0,0,0,54,0,0
1352,212,34,14,110,110,41,131,20,109,130,108,142,13,7,61
1353,352,57,23,183,184,68,218,34,181,216,180,236,328,11,101
1354,141,23,9,73,74,27,87,14,73,87,72,95,9,5,41
1355,178,29,12,92,93,34,110,17,92,109,91,119,11,6,51
1356,0,0,0,0,0,0,0,0,0,0,0,0,0,0,0
1357,0,0,0,0,0,0,0,0,0,0,0,3,0,188,0
1358,0,0,0,0,0,0,0,0,0,0,0,1,0,89,0
1359,0,0,0,0,0,0,0,0,0,0,0,0,0,0,0
1360,0,0,0,0,0,0,0,0,0,0,0,8,1,0,3
1361,260,42,17,135,136,50,161,25,134,160,133,174,17,8,75
1362,483,83,27,207,248,27,137,14,386,110,137,483,83,14,179
1363,216,0,130,19,47,0,65,30,38,46,125,198,1,130,23
1364,203,0,122,18,44,0,61,28,36,43,118,187,3,122,18
1365,141,7,46,13,20,7,54,7,60,13,69,146,30,116,89
1366,229,11,75,21,33,11,87,11,97,21,111,229,11,75,11
1367,247,12,81,23,35,12,94,12,105,23,120,248,16,81,12
1368,128,5,96,9,27,5,120,34,43,79,81,162,46,96,1
1369,108,4,81,8,23,4,102,29,37,67,69,108,4,81,0
1370,89,3,67,6,19,3,84,24,30,56,57,98,22,67,0
1371,193,6,6,33,51,0,84,6,149,32,18,182,0,6,33
1372,403,12,12,69,107,0,174,12,310,66,37,379,0,12,69
1373,365,11,11,62,97,0,158,11,280,60,34,343,0,11,62
1401,436,0,131,0,0,0,218,131,131,131,436,453,9,131,5
1402,1696,109,265,760,163,0,543,163,434,156,706,1704,110,274,440
1403,422,38,154,77,38,0,307,38,38,38,115,521,218,154,83
1404,995,113,178,85,48,0,162,189,460,65,259,980,113,178,85
1405,237,19,193,54,17,0,19,111,83,58,207,238,0,137,54
1406,549,44,176,44,22,22,286,88,220,264,308,508,51,176,22
1407,125,0,25,174,100,0,125,0,0,75,0,126,2,25,50
1408,420,60,72,60,36,12,108,12,120,48,24,313,71,77,38
1409,171,27,37,20,17,0,57,30,84,17,10,171,27,37,20
1410,230,18,52,54,31,4,92,31,77,40,59,237,22,992,56
1411,719,27,89,151,36,36,438,81,161,9,169,678,19,101,110
1412,433,33,163,62,154,0,154,0,225,47,76,443,44,163,64
1413,517,0,65,54,97,22,108,75,248,151,43,518,8,65,54
1414,428,39,156,78,39,0,311,39,39,39,117,428,39,156,78
1415,697,79,124,59,34,0,113,133,322,45,181,693,79,124,59
1416,120,10,98,28,9,0,10,56,42,30,105,122,0,69,28
1417,378,30,308,86,27,0,30,177,133,93,330,378,8,218,87
1418,346,28,111,28,14,14,180,55,138,166,194,319,46,111,14
1419,207,17,66,17,8,8,107,33,83,99,116,191,17,66,11
1420,205,16,66,16,8,8,107,33,82,98,115,191,20,66,9
1421,140,0,28,196,112,0,140,0,0,84,0,143,0,28,56
1422,261,0,52,366,209,0,261,0,0,157,0,261,0,52,105
1423,155,0,31,217,124,0,155,0,0,93,0,155,1,31,62
1424,707,101,121,101,61,20,182,20,202,81,40,536,118,145,66
1425,556,79,95,79,48,16,143,16,159,64,32,418,106,95,61
1426,209,30,36,30,18,6,54,6,60,24,12,157,41,37,18
1427,468,73,102,55,46,0,156,83,231,46,28,468,78,113,55
1428,348,55,76,41,34,0,116,61,172,34,21,349,55,76,41
1429,412,65,90,48,41,0,137,73,203,41,24,414,65,90,48
1430,718,112,156,84,71,0,239,127,354,71,43,719,116,156,84
1431,124,10,28,29,17,2,49,17,42,22,32,138,38,911,86
1432,0,0,0,0,0,0,0,0,0,0,0,21,25,253,43
1433,608,23,75,128,30,30,370,68,136,8,143,578,30,89,91
1434,168,6,21,36,8,8,103,19,38,2,40,162,19,116,25
1435,427,16,53,90,21,21,260,48,96,5,101,404,21,53,64
1436,420,16,52,88,21,21,255,47,94,5,99,394,11,52,62
1437,135,5,17,29,7,7,82,15,30,2,32,131,24,17,26
1438,0,0,0,0,0,0,0,0,0,0,0,0,0,0,0
1439,200,15,75,29,71,0,71,0,104,22,35,200,15,75,30
1440,506,0,63,53,95,21,105,74,242,147,42,508,9,63,53
1441,810,0,101,84,152,34,169,118,388,236,68,819,3,101,90
1442,128,0,26,179,102,0,128,0,0,77,0,128,0,26,51
1443,86,0,17,121,69,0,86,0,0,52,0,86,0,17,34
1501,434,16,246,16,16,0,341,124,107,93,168,467,30,246,16
1502,804,35,489,35,0,35,559,384,175,245,384,817,64,490,36
1503,125,21,21,0,0,0,21,52,42,0,21,129,34,21,0
1504,866,47,650,0,0,0,382,49,169,121,292,878,53,650,4
1505,71,0,31,10,20,10,78,17,20,17,37,231,24,31,3
1506,120,0,99,28,0,0,113,99,42,63,70,108,0,99,30
1507,349,0,349,0,349,0,582,0,349,0,0,353,5,349,6
1508,312,20,211,20,32,6,245,95,109,73,128,334,24,210,32
1509,241,19,329,0,10,10,298,135,10,58,96,285,48,329,0
1510,682,94,373,47,71,0,272,176,258,71,334,687,95,373,49
1511,58,4,39,4,6,1,45,18,20,13,24,115,30,39,153
1512,281,0,0,31,0,0,62,31,125,125,0,316,0,93,31
1513,199,13,135,13,21,4,156,61,70,47,82,191,12,134,13
1514,273,68,0,0,0,0,0,0,341,68,68,273,68,0,0
1515,189,10,154,15,10,0,240,31,67,71,114,204,32,143,16
1516,102,4,58,4,4,0,80,29,25,22,40,106,10,58,4
1517,109,4,62,4,4,0,86,31,27,23,42,139,14,62,4
1518,0,0,0,0,0,0,0,0,0,0,0,4,9,1,0
1519,0,0,0,0,0,0,0,0,0,0,0,0,0,0,0
1520,149,5,85,5,5,0,117,43,37,32,58,149,5,85,5
1521,132,5,75,5,5,0,104,38,33,28,51,132,7,75,5
1522,584,32,439,0,0,0,257,33,114,82,197,595,68,439,22
1523,320,18,240,0,0,0,141,18,62,45,108,323,41,240,1
1524,152,8,114,0,0,0,67,9,30,21,51,153,8,114,0
1525,0,0,0,0,0,0,0,0,0,0,0,6,0,0,9
1526,119,0,51,17,34,17,131,28,34,28,63,162,163,394,157
1527,0,0,0,0,0,0,0,0,0,0,0,0,299,0,0
1528,321,0,138,46,92,46,352,76,92,76,168,299,0,138,15
1529,495,0,408,116,0,0,466,408,175,262,291,414,15,408,128
1530,197,0,162,46,0,0,186,162,70,104,116,209,14,176,53
1531,244,0,201,58,0,0,230,201,86,129,144,205,8,201,58
1532,396,0,326,93,0,0,373,326,140,210,233,332,11,327,93
1533,128,0,128,0,128,0,213,0,128,0,0,242,524,130,1
1534,0,0,0,0,0,0,0,0,0,0,0,7,86,7,22
1535,0,0,0,0,0,0,0,0,0,0,0,31,74,25,103
1536,65,0,65,0,65,0,108,0,65,0,0,79,22,70,0
1537,153,0,153,0,153,0,255,0,153,0,0,156,2,153,0
1538,320,26,437,0,13,13,396,179,13,77,127,298,25,437,3
1539,88,7,120,0,3,3,109,49,4,21,35,86,4,120,0
1540,174,14,238,0,7,7,216,97,7,42,69,230,241,238,9
1541,576,79,315,39,60,0,229,148,218,60,282,581,79,315,40
1542,381,52,208,26,39,0,152,98,144,39,187,383,52,210,26
1543,148,20,81,10,15,0,59,38,56,15,73,149,37,81,14
1544,221,55,0,0,0,0,0,0,276,55,55,226,77,0,0
1545,0,0,0,0,0,0,0,0,0,0,0,6,9,0,0
1546,0,0,0,0,0,0,0,0,0,0,0,1,24,0,0
1547,109,27,0,0,0,0,0,0,136,27,27,112,27,0,0
1548,509,28,414,42,27,0,646,83,179,192,307,492,36,386,28
1549,253,14,206,21,14,0,322,41,89,96,153,244,18,192,20
1550,199,16,273,0,8,8,247,111,8,48,79,187,12,273,8
1551,386,14,219,14,14,0,304,110,96,83,150,391,16,219,14
1552,232,8,132,8,8,0,182,66,57,50,90,240,16,147,8
1553,501,84,84,0,0,0,84,209,167,0,84,853,843,84,40
1554,221,0,95,32,63,32,242,53,63,53,116,216,13,95,11
1555,92,0,39,13,26,13,100,22,26,22,48,85,24,39,5
1556,423,0,181,60,121,60,464,101,121,101,222,384,14,181,20
1557,310,25,424,0,12,12,384,173,13,75,123,290,13,424,0
1558,333,18,271,27,18,0,423,54,117,126,201,331,24,253,18
1559,198,13,134,13,21,4,155,60,69,46,81,235,20,133,10
1601,277,0,167,167,0,0,658,0,167,52,115,279,1,167,168
1602,152,0,303,0,76,0,531,76,303,76,0,163,0,303,1
1603,329,25,151,64,72,6,432,67,220,57,61,331,27,151,64
1604,86,7,39,17,19,2,112,17,57,15,16,88,152,39,19
1605,313,24,144,61,69,6,411,64,209,55,58,319,38,144,64
1606,0,0,0,0,0,0,45,23,0,0,0,1,0,0,0
1607,581,129,65,0,129,0,129,0,516,0,65,584,129,65,1
1608,169,13,78,33,37,3,222,35,113,30,32,176,16,86,48
1609,585,0,232,0,162,31,357,164,131,164,133,586,4,233,0
1610,343,26,157,66,75,6,449,70,229,60,64,359,26,157,67
1611,79,0,0,158,0,0,473,79,0,0,0,79,0,0,158
1612,125,10,57,24,27,2,164,25,83,22,23,125,10,57,24
1701,213,40,90,129,50,10,127,17,167,52,175,160,174,77,48
1702,764,0,573,191,0,0,573,96,860,96,96,789,50,573,202
1703,1056,336,239,771,335,143,725,0,1154,289,1028,625,204,352,286
1704,253,47,107,153,60,12,151,20,199,62,208,177,29,91,56
1705,1264,198,372,1115,421,25,619,25,421,347,1685,644,99,198,248
1706,195,36,82,118,46,9,116,15,153,48,160,137,30,70,43
1707,233,43,99,141,55,11,140,18,183,57,192,168,28,84,52
1708,254,0,28,56,28,0,0,112,0,86,0,255,0,28,56
1709,163,30,69,99,38,8,98,13,128,40,135,115,19,59,36
1710,1990,370,843,1202,469,95,1190,158,1561,487,1639,1402,236,718,440
1711,192,121,283,0,47,0,193,47,334,47,99,193,123,283,1
1712,73,14,31,44,17,3,44,6,57,18,60,53,15,26,17
1801,739,62,302,0,92,0,1073,104,251,242,311,705,101,302,1
1802,238,39,95,11,18,4,201,14,65,59,54,223,100,87,9
1803,690,47,744,3,3,1,784,51,17,371,209,696,128,744,3
1804,589,0,460,0,66,0,850,0,0,332,62,592,28,398,0
1805,284,0,130,0,0,39,714,0,92,130,154,285,0,130,0
1806,1473,1473,0,0,0,0,0,0,0,0,0,1475,1504,0,0
1807,1379,37,478,33,66,110,578,99,515,372,173,1387,54,478,36
1808,121,20,49,6,9,2,103,7,33,30,28,138,222,44,5
1809,274,0,91,0,26,0,26,13,117,39,39,276,0,91,4
1810,196,0,261,0,0,0,652,0,65,261,130,196,0,261,0
1811,895,59,220,0,0,0,966,342,117,249,295,852,59,176,0
1812,418,198,280,48,0,0,444,0,458,239,274,424,267,294,55
1813,982,0,199,0,82,0,640,0,485,78,43,897,1,199,0
1814,657,0,112,0,75,0,357,94,263,113,111,657,0,112,0
1815,266,0,387,48,42,0,466,0,97,48,85,266,0,387,49
1816,148,0,195,245,0,0,716,0,0,50,100,102,0,195,195
1817,187,0,94,0,47,0,422,0,0,94,47,187,0,94,0
1818,41,0,82,41,41,0,777,0,0,0,41,41,29,82,41
1819,0,0,0,0,0,0,0,0,0,0,0,0,0,0,3
1820,0,0,0,0,0,0,0,0,0,0,0,0,0,0,0
1821,0,0,0,0,0,0,0,0,0,0,0,0,0,0,0
1822,186,30,75,9,14,3,158,11,51,46,43,174,30,68,7
1823,0,0,0,0,0,0,0,0,0,0,0,0,0,0,0
1824,0,0,0,0,0,0,0,0,0,0,0,0,0,0,0
1825,0,0,0,0,0,0,0,0,0,0,0,0,0,0,0
1826,1143,22,278,22,39,0,542,0,421,135,177,1148,30,278,22
1827,374,61,150,18,29,6,316,23,102,93,85,350,61,136,15
1828,0,0,0,0,0,0,0,0,0,0,0,0,0,0,0
1829,556,90,222,26,43,8,470,34,152,139,127,520,90,203,22
1830,873,81,0,0,364,0,81,0,297,162,303,731,81,0,0
1831,0,0,0,0,0,0,0,0,0,0,0,0,0,0,0
1832,0,0,0,0,0,0,0,0,0,0,0,0,0,0,0
1833,0,0,0,0,0,0,0,0,0,0,0,0,0,0,0
1834,153,25,61,7,12,2,129,9,42,38,35,143,25,56,6
1835,0,0,0,0,0,0,0,0,0,0,0,0,0,0,0
1836,0,0,0,0,0,0,0,0,0,0,0,0,0,0,0
1837,0,0,0,0,0,0,0,0,0,0,0,0,0,0,0
1838,0,0,0,0,0,0,0,0,0,0,0,0,0,0,0
1839,0,0,0,0,0,0,0,0,0,0,0,0,0,0,0
1840,0,0,0,0,0,0,0,0,0,0,0,10,0,129,61
1841,0,0,0,0,0,0,0,0,0,0,0,0,0,0,0
1842,0,0,0,0,0,0,0,0,0,0,0,0,0,0,0
1843,0,0,0,0,0,0,0,0,0,0,0,0,0,0,0
1844,0,0,0,0,0,0,0,0,0,0,0,0,0,0,0
1845,485,22,99,97,40,43,258,46,105,62,94,445,39,99,84
1846,881,83,488,71,0,0,440,0,71,107,107,453,85,167,36
1847,315,51,126,15,24,5,266,19,86,78,72,294,57,115,13
1848,355,58,142,17,27,5,300,22,97,89,81,334,58,129,14
1849,230,0,230,0,0,0,58,29,144,115,173,232,0,201,0
1850,540,88,216,26,41,8,456,33,148,135,123,505,93,197,22
1851,0,0,0,0,0,0,0,0,0,0,0,0,0,0,0
1852,0,0,0,0,0,0,0,0,0,0,0,0,0,0,0
1853,0,0,0,0,0,0,0,0,0,0,0,0,0,0,0
1854,0,0,0,0,0,0,0,0,0,0,0,0,0,0,0
1855,0,0,0,0,0,0,0,0,0,0,0,0,0,0,0
1901,617,0,552,32,0,0,876,130,292,292,65,579,0,552,34
1902,785,25,186,29,49,0,342,102,25,150,245,541,0,63,30
1903,989,71,531,36,35,0,462,177,321,215,436,964,90,500,40
1904,816,41,163,82,0,0,204,41,122,82,41,816,41,163,82
1905,0,0,0,0,0,0,0,0,0,0,0,0,0,0,0
1906,1787,86,219,86,0,44,529,86,748,264,42,1795,99,219,86
1907,739,0,246,41,82,0,287,41,493,411,205,128,7,0,0
1908,305,0,28,0,0,0,389,28,167,83,28,337,2,28,0
1909,591,0,26,53,0,0,245,55,80,109,85,594,6,26,55
1910,203,0,0,0,0,0,405,0,405,203,0,203,0,0,0
1911,425,0,42,0,0,0,212,0,170,42,255,450,58,42,4
1912,406,135,68,338,338,0,135,0,68,0,203,5,4,0,4
1913,709,35,277,65,57,13,401,93,250,176,141,526,24,180,32
1914,902,0,342,0,47,0,189,100,206,100,94,906,5,342,0
1915,737,74,74,0,147,147,74,74,147,147,295,737,74,74,0
1916,548,0,256,0,0,0,332,122,169,41,41,385,0,93,0
1917,908,80,204,43,43,0,511,43,734,245,195,910,86,204,43
1918,281,0,187,31,62,0,250,62,94,94,61,8,0,0,0
1919,85,21,318,21,21,0,127,21,64,0,0,85,21,318,22
1920,697,36,239,73,0,0,372,108,240,316,247,705,76,239,73
1921,485,24,190,45,39,9,274,63,171,120,96,355,15,125,23
1922,400,0,171,0,29,0,400,86,200,86,171,419,21,171,13
1923,800,78,76,118,37,37,517,155,375,114,0,810,84,76,118
1924,617,0,248,0,0,0,359,150,152,108,204,467,10,248,3
1925,209,10,82,19,17,4,118,27,74,52,42,152,7,53,9
1926,1083,130,587,0,41,0,516,321,184,144,0,1043,130,587,1
1927,388,0,147,0,21,0,126,49,141,128,106,282,36,64,0
1928,580,29,227,53,46,11,328,76,204,144,115,432,22,148,26
1929,531,26,207,49,42,10,300,69,187,131,105,386,17,135,24
1930,336,8,6,315,48,3,38,4,29,304,0,338,20,0,291
1931,184,92,461,0,184,0,646,184,0,92,97,92,23,0,13
1932,250,12,98,23,20,5,141,33,88,62,50,321,93,72,69
1933,277,0,85,0,0,64,85,85,192,85,106,22,0,0,0
1934,794,32,127,222,0,0,318,32,222,95,127,3,1,0,0
1935,315,53,42,169,337,22,264,28,204,90,0,153,245,85,43
1936,974,0,904,0,0,0,487,0,0,244,174,1,0,174,1
1937,756,0,273,100,33,0,608,74,140,114,67,389,0,107,0
1938,684,0,786,0,0,44,666,182,455,411,262,380,4,656,0
1939,0,0,0,0,0,0,0,0,0,0,0,102,12,1,2
1940,0,0,0,0,0,0,0,0,0,0,0,0,0,0,0
1941,0,0,0,0,0,0,0,0,0,0,0,67,617,0,0
1942,0,0,0,0,0,0,0,0,0,0,0,184,5,0,0
1943,0,0,0,0,0,0,0,0,0,0,0,0,0,0,0
1944,0,0,0,0,0,0,0,0,0,0,0,0,0,0,0
1945,0,0,0,0,0,0,0,0,0,0,0,0,0,0,0
1946,0,0,0,0,0,0,0,0,0,0,0,30,1,4,1
1947,0,0,0,0,0,0,0,0,0,0,0,0,0,0,0
1948,0,0,0,0,0,0,0,0,0,0,0,36,216,0,26
1949,287,14,112,26,23,5,162,38,101,71,57,208,9,73,13
1950,0,0,0,0,0,0,0,0,0,0,0,87,23,0,0
1951,187,9,73,17,15,3,105,24,66,46,37,185,16,48,8
1952,18,1,7,2,1,0,10,2,6,5,4,66,1,5,1
1953,0,0,0,0,0,0,0,0,0,0,0,133,21,0,0
1954,0,0,0,0,0,0,0,0,0,0,0,33,0,0,0
1955,0,0,0,0,0,0,0,0,0,0,0,11,0,0,0
1956,0,0,0,0,0,0,0,0,0,0,0,96,72,0,13
1957,0,0,0,0,0,0,0,0,0,0,0,172,453,418,0
2001,603,37,142,109,116,43,327,43,165,113,126,660,480,166,135
2002,864,68,129,151,285,31,327,63,345,157,173,1374,115,212,152
2003,1180,0,0,0,180,45,360,0,306,180,135,1320,165,0,12
2004,1359,59,434,336,173,0,513,343,229,52,333,1360,85,434,292
2005,351,21,83,64,68,25,191,25,96,66,73,335,18,89,58
2006,1051,43,770,130,43,87,390,134,43,309,353,1136,116,771,152
2007,691,37,365,146,144,0,329,72,363,111,108,742,113,365,131
2008,0,0,0,0,1005,0,0,0,503,503,0,0,0,0,0
2009,1465,207,226,59,0,0,714,165,402,300,55,1352,224,293,0
2010,1280,0,353,140,67,0,648,0,140,67,404,1216,0,355,140
2011,1364,34,307,102,170,0,716,34,136,205,443,719,2,170,0
2012,852,56,370,163,264,0,605,101,101,163,303,406,12,202,52
2013,0,0,0,0,0,0,0,0,0,0,0,171,94,2462,706
2014,0,0,0,0,0,0,0,0,0,0,0,62,3,1922,283
2015,0,0,0,0,0,0,0,0,0,0,0,5,3,25,138
2016,1871,241,121,242,121,60,2116,0,483,423,59,1387,143,60,181
2017,2368,60,118,943,646,419,1057,294,1359,649,745,1740,91,60,419
2018,896,0,183,124,118,124,200,147,77,41,318,908,3,190,133
2019,1033,154,77,154,555,705,966,0,154,329,70,738,175,4101,1236
2020,818,50,193,148,158,59,444,58,224,153,170,666,38,167,106
2021,511,60,232,189,0,28,208,0,120,60,113,457,55,232,133
2022,1034,0,637,153,55,0,367,49,105,49,196,1049,66,637,181
2023,777,0,220,135,166,82,464,130,275,79,252,535,42,144,84
2024,1022,176,87,353,47,0,606,0,263,43,0,993,186,117,446
2025,183,0,183,0,0,0,256,0,110,73,73,110,0,73,0
2026,110,7,26,20,21,8,60,8,30,21,23,107,130,63,119
2027,835,56,167,56,167,0,557,0,56,111,111,375,23,112,2
2028,1373,83,207,414,41,0,545,41,469,207,338,1382,127,219,447
2029,4,0,1,1,1,0,2,0,1,1,1,43,3,413,334
2030,739,45,174,134,143,53,401,53,203,138,154,613,35,151,95
2031,14,1,3,3,3,1,8,1,4,3,3,11,1,10,2
2101,15,1,2,3,6,1,8,1,5,4,8,217,83,4177,1602
2102,3442,160,389,1940,2669,44,2374,88,2088,938,2900,2566,3,316,1060
2103,2607,0,92,821,1436,0,909,0,638,1117,1438,2301,0,48,383
2104,1112,101,151,51,410,153,608,50,507,355,500,651,102,100,3
2105,6084,764,1153,1283,3301,350,3549,460,2048,1115,3108,4568,688,1068,777
2106,2429,116,757,114,1271,174,1668,116,345,810,1921,1575,144,763,1
2107,2774,0,174,347,2096,259,1143,259,780,521,1468,1453,14,85,173
2108,2661,0,499,416,499,83,1497,0,832,582,1497,2007,165,419,259
2109,4023,0,642,91,1565,0,1562,366,641,550,1944,3290,41,365,94
2110,4375,73,1024,509,509,0,3057,438,1601,1238,1939,3725,103,808,219
2111,4473,0,81,508,874,0,1069,157,1529,592,1286,3096,28,1,387
2112,1335,141,168,140,928,28,443,0,975,198,635,1079,55,83,83
2113,1937,0,0,0,0,0,0,0,0,378,178,1937,0,0,0
2114,1669,49,98,1718,834,98,393,0,785,393,1963,645,19,0,540
2115,1429,42,42,434,226,0,787,42,441,250,768,1046,58,42,377
2116,1564,50,202,303,605,0,1110,50,303,252,908,1221,30,101,55
2117,1835,55,334,611,829,222,1324,111,832,670,1175,1398,7,282,447
2118,3023,165,330,909,1711,256,1711,170,1159,931,2073,2471,133,170,514
2201,4347,149,674,226,523,0,1435,300,825,0,1487,3286,162,521,151
2202,1307,234,93,1262,701,186,889,47,1215,794,696,651,95,46,464
2203,285,107,114,464,125,0,220,23,371,195,372,143,36,93,51
2204,0,0,0,0,0,0,0,0,0,0,0,63,3,1294,158
2205,513,206,95,630,285,0,324,74,608,316,318,276,115,77,154
2206,0,0,0,0,0,0,0,0,0,0,0,3,2,0,38
2207,1371,749,268,3191,1368,0,1100,167,2208,880,1443,640,326,93,412
2208,831,203,51,1656,148,0,490,48,728,487,677,155,154,51,206
2209,1174,406,135,1204,1075,44,1219,44,1939,904,964,465,142,46,139
2210,2147,57,113,113,113,0,170,113,622,113,339,2150,11,113,115
2211,187,70,74,303,82,0,144,15,243,127,243,93,25,61,42
2212,85,46,17,197,84,0,68,10,136,54,89,39,22,6,26
2213,777,312,144,953,431,0,490,112,919,478,481,424,154,117,233
2214,0,0,0,0,0,0,0,0,0,0,0,7,2,176,9
2215,1083,592,212,2521,1081,0,869,132,1745,695,1140,504,252,72,324
2216,84,31,33,136,37,0,65,7,109,57,109,41,7,27,14
2217,279,104,111,454,123,0,216,23,363,191,364,137,28,96,46
2218,524,128,32,1044,93,0,309,30,459,307,427,97,167,32,130
2219,390,135,45,400,357,15,404,15,644,300,320,155,46,15,46
2220,261,97,104,424,114,0,201,21,339,178,340,130,51,85,43
2301,511,15,20,60,146,8,116,42,93,33,161,488,10,31,38
2302,3281,48,187,236,1272,47,944,422,845,329,904,3096,27,187,96
2303,4400,80,160,800,1040,0,1080,200,800,120,1600,4247,19,120,586
2304,94,3,4,11,27,2,21,8,17,6,30,88,2,3,7
2305,0,0,0,0,0,0,0,0,0,0,0,2,0,5,14
2306,0,0,0,0,0,0,0,0,0,0,0,0,0,0,0
2307,136,4,5,16,39,2,31,11,25,9,43,128,3,5,10
2308,1255,37,50,147,359,21,285,104,228,80,395,1181,34,97,97
2309,516,15,21,60,147,9,117,43,94,33,163,495,10,19,39
2310,507,0,30,30,60,0,60,60,60,0,89,448,0,30,36
2311,47,1,2,5,13,1,11,4,8,3,15,44,1,2,3
2312,3155,150,75,301,751,75,601,301,301,301,977,2781,161,75,150
2313,1048,84,42,84,419,84,126,42,252,42,335,1048,85,42,84
2314,0,0,0,0,0,0,0,0,0,0,0,4,0,62,0
2315,0,0,0,0,0,0,0,0,0,0,0,10,0,0,0
2316,0,0,0,0,0,0,0,0,0,0,0,0,0,0,0
2317,0,0,0,0,0,0,0,0,0,0,0,0,0,0,0
2318,0,0,0,0,0,0,0,0,0,0,0,0,0,0,0
2319,0,0,0,0,0,0,0,0,0,0,0,0,0,0,0
2320,0,0,0,0,0,0,0,0,0,0,0,0,0,0,0
2321,0,0,0,0,0,0,0,0,0,0,0,0,0,0,0
2322,0,0,0,0,0,0,0,0,0,0,0,1,0,0,0
2323,0,0,0,0,0,0,0,0,0,0,0,0,0,0,0
2324,0,0,0,0,0,0,0,0,0,0,0,0,0,0,0
2325,0,0,0,0,0,0,0,0,0,0,0,0,0,0,0
2326,0,0,0,0,0,0,0,0,0,0,0,0,0,0,0
2327,0,0,0,0,0,0,0,0,0,0,0,0,0,0,0
2328,0,0,0,0,0,0,0,0,0,0,0,3,0,0,0
2329,564,16,22,66,161,9,128,47,103,36,178,528,11,21,42
2330,0,0,0,0,0,0,0,0,0,0,0,0,0,0,0
2331,0,0,0,0,0,0,0,0,0,0,0,0,0,0,0
2332,0,0,0,0,0,0,0,0,0,0,0,0,0,0,0
2333,0,0,0,0,0,0,0,0,0,0,0,0,0,0,0
2334,0,0,0,0,0,0,0,0,0,0,0,0,0,0,0
2335,0,0,0,0,0,0,0,0,0,0,0,0,0,0,0
2336,0,0,0,0,0,0,0,0,0,0,0,1,0,2,0
2337,310,9,12,36,89,5,70,26,56,20,98,292,6,11,37
2338,0,0,0,0,0,0,0,0,0,0,0,0,0,0,0
2339,0,0,0,0,0,0,0,0,0,0,0,12,0,0,47
2340,0,0,0,0,0,0,0,0,0,0,0,6,0,3,4
2341,294,9,12,34,84,5,67,24,54,19,93,292,18,31,45
2342,0,0,0,0,0,0,0,0,0,0,0,0,0,0,0
2343,0,0,0,0,0,0,0,0,0,0,0,0,0,0,0
2344,0,0,0,0,0,0,0,0,0,0,0,1,0,0,0
2345,0,0,0,0,0,0,0,0,0,0,0,0,0,2,0
2401,60,60,0,0,0,0,120,0,0,0,0,63,61,0,83
2402,145,0,29,0,0,0,203,29,0,87,58,192,0,233,177
2403,490,0,82,27,109,136,245,54,54,136,163,409,4,82,0
2404,237,17,40,46,55,8,112,24,110,64,70,234,64,456,85
2405,3933,555,541,867,606,102,1628,403,2806,1009,1020,2799,479,489,402
2406,3372,130,257,216,839,44,1333,44,622,812,653,3177,156,276,216
2407,2027,96,535,287,283,0,1334,124,697,462,355,1934,187,535,252
2408,1732,0,0,0,376,226,301,75,1280,452,602,1733,0,0,6
2409,631,45,45,363,0,136,319,92,360,90,185,634,50,45,270
2410,269,0,28,28,16,0,38,50,66,33,22,258,0,28,22
2411,918,51,102,204,0,0,51,0,459,102,0,922,51,102,204
2412,2316,208,316,346,526,35,647,105,1118,456,459,2323,191,316,284
2413,2501,170,1219,421,552,0,549,593,1271,719,1047,2341,189,1219,211
2414,2101,67,653,534,1985,132,2473,332,852,717,2023,1563,11,518,130
2415,286,0,190,258,136,0,340,0,109,381,136,286,0,190,55
2416,783,78,312,78,311,39,1092,39,235,430,386,705,97,312,41
2417,2649,705,233,1930,685,94,1844,0,2202,1007,1092,2032,665,189,377
2418,904,49,49,24,49,0,294,147,560,221,24,906,60,55,28
2419,348,0,9,0,24,0,83,100,58,58,52,348,0,9,0
2420,634,0,136,0,181,0,45,45,408,45,145,635,0,136,0
2421,0,0,0,0,0,0,0,0,0,0,0,0,0,0,0
2422,0,0,0,0,0,0,0,0,0,0,0,0,0,0,0
2423,0,0,0,0,0,0,0,0,0,0,0,0,0,0,0
2424,295,0,59,0,0,0,413,59,0,177,118,296,0,59,0
2425,0,0,0,0,0,0,0,0,0,0,0,17,14,172,205
2426,202,0,34,11,45,56,101,22,22,56,67,168,0,34,0
2427,0,0,0,0,0,0,0,0,0,0,0,0,0,0,0
2428,388,0,65,22,86,108,194,43,43,108,129,325,3,68,0
2429,0,0,0,0,0,0,0,0,0,0,0,12,100,3,31
2430,0,0,0,0,0,0,0,0,0,0,0,0,194,0,0
2431,45,3,8,9,10,2,21,5,21,12,13,46,20,9,24
2432,181,13,31,35,42,6,86,18,84,49,54,162,12,29,16
2433,1301,0,133,133,80,0,186,240,320,159,105,1248,0,133,107
2434,0,0,0,0,0,0,0,0,0,0,0,0,0,0,0
2435,314,0,32,32,19,0,45,58,77,38,25,301,0,32,26
2436,311,0,32,32,19,0,44,57,77,38,25,300,6,40,30
2437,174,0,116,157,83,0,207,0,66,231,83,175,3,116,33
2438,203,11,11,5,11,0,66,33,126,50,5,203,11,11,5
2439,323,17,18,9,17,0,105,53,200,79,9,323,17,18,9
2440,0,0,0,0,0,0,0,0,0,0,0,3,4,0,0
2441,272,15,15,7,15,0,89,44,169,66,7,274,18,15,81
2442,0,0,0,0,0,0,0,0,0,0,0,0,0,0,0
2443,678,0,17,0,48,0,162,195,113,113,101,679,0,17,0
2444,351,0,9,0,25,0,84,101,59,59,52,352,0,9,1
2445,0,0,0,0,0,0,0,0,0,0,0,35,0,212,100
2501,684,0,427,0,128,0,470,256,385,128,427,666,114,429,12
2502,260,0,781,0,0,0,694,87,0,0,87,261,0,781,4
2503,334,0,128,0,26,0,334,0,180,51,128,340,9,128,0
2504,424,0,245,91,29,0,297,122,180,93,62,278,0,216,68
2505,191,0,27,27,0,0,109,27,27,27,55,165,18,27,46
2506,133,20,36,100,13,3,110,6,53,51,55,183,24,274,210
2507,1202,0,468,200,601,0,1002,0,468,334,668,1138,26,468,135
2508,2602,704,317,3861,78,79,2496,79,864,1708,1163,2373,475,317,1188
2509,3864,630,0,4763,315,158,2548,0,2400,1909,1914,1502,35,3,681
2510,777,41,245,204,0,0,204,0,245,204,286,777,44,245,164
2511,517,84,124,84,0,44,1068,0,87,131,81,523,120,124,85
2512,223,0,273,0,50,0,50,0,149,50,0,223,4,275,0
2513,155,24,42,117,15,3,129,7,62,60,64,120,11,41,32
2514,1413,463,314,157,0,0,1075,0,0,157,298,1414,314,314,158
2601,534,59,414,236,0,0,786,0,178,59,270,576,226,351,220
2602,0,0,0,0,0,0,0,0,0,0,0,117,4,1008,321
2603,1196,61,162,30,31,0,405,0,281,64,346,1224,63,327,36
2604,1227,0,52,0,261,104,496,157,548,157,0,1232,11,52,1
2605,2461,179,358,492,358,45,537,134,671,134,1118,2063,201,358,269
2606,1278,0,64,0,0,0,447,128,511,192,64,1233,42,69,6
2607,681,0,452,269,0,0,427,0,146,354,190,686,59,391,148
2608,713,160,382,284,533,65,767,0,192,222,586,684,139,293,196
2609,249,21,55,51,85,8,150,22,97,42,84,297,159,1401,897
2610,941,158,158,208,0,0,578,105,105,472,51,992,1088,158,221
2611,813,96,718,48,48,0,718,144,383,239,239,815,108,718,50
2612,623,51,137,127,214,20,376,54,242,106,210,553,34,126,80
2613,3838,334,750,754,3523,586,3015,167,1424,922,2497,2753,259,666,166
2614,793,35,398,106,396,72,966,0,464,358,580,654,8,362,37
2615,2070,410,455,1141,636,0,1944,231,1098,227,770,1406,205,276,561
2616,2303,453,41,948,1322,0,1240,287,1359,288,984,1606,268,109,595
2617,761,29,0,14,143,0,275,43,186,115,75,734,53,55,97
2618,1302,0,206,0,480,69,480,206,617,137,343,1304,15,209,0
2619,2096,0,131,0,461,0,264,329,989,325,518,1911,17,132,13
2620,542,64,447,128,128,0,447,64,191,191,255,551,125,452,139
2621,1249,167,250,333,416,0,916,0,83,83,583,1252,87,250,334
2622,0,0,0,910,0,0,910,0,0,0,0,34,27,0,947
2623,98,66,66,0,96,0,190,31,96,0,31,100,66,66,0
2624,462,0,231,0,58,0,520,231,58,58,58,465,0,231,1
2625,1434,0,137,0,410,0,615,0,341,68,70,1460,30,139,1
2626,0,0,0,0,0,0,0,0,0,0,0,4,2,0,1
2627,1055,70,352,0,141,0,387,211,317,141,176,1024,39,359,1
2628,440,36,97,90,151,14,266,38,171,75,149,806,25,349,152
2629,1522,69,0,66,667,0,336,69,1202,132,69,1526,41,17,66
2630,292,24,64,59,100,9,176,25,114,50,99,262,16,59,44
2631,370,44,305,87,87,0,305,44,131,131,174,370,44,305,88
2701,137,10,22,18,61,3,56,7,70,27,59,152,348,19,46
2702,702,25,252,38,38,0,469,25,375,69,93,616,101,345,183
2703,908,191,313,172,34,0,297,378,218,61,122,908,191,313,172
2704,1132,83,185,150,506,25,463,55,578,225,485,970,59,154,80
2705,1558,0,295,263,471,0,501,0,617,325,426,1504,47,295,224
2706,0,0,0,0,0,0,0,0,0,0,0,39,5,628,193
2707,3153,344,135,186,474,96,880,79,609,504,1047,2778,241,85,139
2708,2064,99,286,244,863,0,865,145,740,290,431,2027,119,199,199
2709,5305,374,749,1053,1746,125,2412,231,1815,462,533,4591,388,462,623
2710,3943,227,631,765,778,59,1286,322,1205,623,795,3749,188,582,327
2711,1544,0,617,0,77,0,463,77,0,463,77,1546,6,617,0
2712,148,11,24,20,66,3,60,7,76,29,63,244,30,1924,553
2713,286,26,52,0,104,0,468,0,52,104,182,401,64,52,137
2714,3243,244,290,542,3104,221,596,92,2710,386,2162,2402,186,271,236
2715,3394,101,557,203,2885,0,253,51,3647,1570,1788,2889,0,304,51
2716,3744,67,388,0,3401,188,455,266,2994,715,1510,3202,76,286,0
2717,3630,239,512,1584,2317,85,2095,34,2641,1380,4828,1998,120,342,530
2718,1326,193,122,39,312,39,502,161,392,119,499,1329,193,122,39
2719,520,38,85,69,232,11,213,25,266,104,223,445,25,71,37
2720,1053,0,443,0,111,0,277,0,111,55,0,999,9,443,1
2721,629,46,103,83,281,14,257,30,321,125,270,538,31,85,44
2722,749,38,190,0,38,0,415,67,250,152,146,751,38,190,0
2723,446,24,361,48,0,0,591,53,100,343,347,446,24,361,48
2724,1909,42,690,164,276,0,891,0,420,259,512,1798,45,579,164
2725,1652,223,134,179,1785,178,402,45,1786,491,1871,1028,45,134,45
2726,2590,692,62,442,1132,0,3014,63,1891,253,1584,2033,338,0,351
2727,0,0,0,0,0,0,0,0,0,0,0,47,11,773,276
2728,1193,42,250,42,125,0,481,83,374,324,208,1083,148,250,47
2729,10,1,2,1,5,0,4,0,5,2,4,87,11,1246,694
2730,543,109,0,0,0,0,760,0,0,0,109,543,109,0,0
2731,0,0,0,0,0,0,0,0,0,0,0,0,0,0,0
2732,0,0,0,0,0,0,0,0,0,0,0,0,0,0,0
2733,499,37,81,66,223,11,204,24,255,99,214,426,24,68,35
2734,0,0,0,0,0,0,0,0,0,0,0,1,0,13,0
2735,0,0,0,0,0,0,0,0,0,0,0,0,0,0,0
2736,0,0,0,0,0,0,0,0,0,0,0,1,4,0,1
2737,0,0,0,0,0,0,0,0,0,0,0,0,0,0,0
2738,0,0,0,0,0,0,0,0,0,0,0,0,0,0,0
2739,0,0,0,0,0,0,0,0,0,0,0,0,0,0,0
2740,0,0,0,0,0,0,0,0,0,0,0,0,0,0,0
2801,1136,44,328,263,177,44,533,101,409,277,45,1006,77,328,270
2802,1841,425,605,390,202,84,556,11,1173,180,146,1722,408,589,329
2803,848,87,286,196,234,30,358,99,356,138,301,707,106,241,104
2804,611,28,186,154,62,93,336,182,368,93,113,560,37,186,162
2805,1137,0,533,286,129,185,288,107,174,65,148,1138,2,533,286
2806,0,0,0,0,0,0,0,0,0,0,0,0,0,0,3
2807,16,2,5,4,4,1,7,2,7,3,6,109,12,1065,398
2808,292,30,99,67,80,10,123,34,123,47,104,242,21,83,35
2809,1450,0,242,121,60,0,423,121,121,302,302,1390,2,247,121
2810,328,34,111,76,90,12,139,38,138,53,117,272,19,93,39
2811,278,29,94,64,77,10,117,32,117,45,99,231,16,79,33
2812,168,17,57,39,46,6,71,20,71,27,60,139,10,48,20
2813,874,48,328,54,161,0,456,124,346,155,194,876,56,328,25
2814,799,40,127,40,0,40,84,87,461,84,120,799,40,127,40
2815,475,0,142,0,91,0,283,50,96,50,46,486,35,142,9
2816,323,33,109,75,89,12,136,38,136,52,115,307,219,106,48
2817,1443,110,621,110,183,0,858,429,183,228,383,1443,121,621,110
2818,770,0,385,193,64,0,0,0,449,0,64,770,2,385,193
2819,2661,52,722,257,250,52,686,708,1136,359,765,2446,61,668,258
2820,2454,818,1160,1973,2793,137,1158,0,1366,478,3268,414,139,282,69
2821,2089,255,611,255,713,0,1834,153,1172,611,713,1682,215,611,255
2822,0,0,0,0,0,0,0,0,0,0,0,13,2,341,3
2823,301,31,102,70,83,11,127,35,127,49,107,250,18,85,36
2824,0,0,0,0,0,0,0,0,0,0,0,0,0,0,0
2825,0,0,0,0,0,0,0,0,0,0,0,0,0,0,0
2826,112,12,38,26,31,4,48,13,47,18,40,93,7,32,13
2901,1070,162,116,405,772,71,362,60,851,318,647,902,90,98,198
2902,184,28,20,70,133,12,62,10,147,55,112,160,16,13,112
2903,0,0,0,0,0,0,0,0,0,0,0,138,6,1361,537
2904,1920,0,792,166,775,113,1776,227,950,791,975,1701,15,690,57
2905,1382,0,489,126,359,63,1360,126,441,315,252,1325,11,252,127
2906,4677,405,287,2142,1594,553,3323,55,1721,1573,2517,3678,322,110,1316
2907,4006,379,538,826,1848,108,658,215,1732,1742,1829,3340,337,538,326
2908,3806,771,412,670,2577,257,877,205,1234,721,2794,3237,733,360,361
2909,3174,518,227,1619,1166,97,680,97,2817,842,1263,3078,406,162,1263
2910,2316,297,73,1188,1185,332,408,37,1885,405,1506,1978,158,73,513
2911,6241,1445,445,2441,7545,668,335,332,7676,2226,3853,5911,1004,335,1227
2912,4751,1184,494,2235,6447,165,917,0,5552,1607,5044,2939,196,19,588
2913,2951,389,131,2587,1854,174,1679,259,1735,87,2166,2226,222,131,871
2914,5330,1175,235,2486,4960,235,1074,404,7663,1917,3032,4367,549,135,1319
2915,1316,199,143,498,950,87,445,74,1048,391,797,1092,111,95,241
2916,350,0,0,0,165,0,123,185,206,0,0,247,1,0,1
2917,199,0,0,23,403,0,23,0,23,27,134,107,0,0,0
2918,0,0,0,0,0,0,0,0,0,0,0,41,2,476,115
2919,0,0,0,0,0,0,0,0,0,0,0,69,1,100,436
2920,147,22,16,56,106,10,50,8,117,44,89,122,12,11,27
2921,1346,96,235,43,313,104,287,217,877,382,634,1042,52,104,0
2922,558,0,80,0,239,0,638,80,80,160,80,485,2,0,0
2923,958,0,348,87,305,44,697,44,392,261,522,832,4,305,88
3001,0,0,0,0,0,0,0,0,0,0,0,135,317,125,5
3002,1497,70,84,84,698,14,667,42,615,321,448,1403,73,70,73
3003,1505,122,169,290,388,9,756,81,614,336,456,1359,105,150,181
3004,0,0,0,0,64,0,128,0,0,0,0,25,573,189,143
3005,1508,26,312,548,1088,105,1121,237,342,131,516,1177,0,134,267
3006,970,72,434,1433,0,72,767,43,304,507,246,956,72,420,941
3007,2819,0,85,85,752,0,582,211,463,211,1195,2580,0,85,85
3008,730,90,77,51,422,0,358,64,410,166,242,727,150,77,53
3009,213,37,4,0,93,19,131,4,135,49,63,213,34,4,0
3010,1760,251,241,412,990,78,1704,120,824,447,1131,1292,99,156,157
3011,1365,121,136,257,636,167,545,76,606,455,664,1169,91,106,139
3012,3675,371,578,1115,1072,330,1649,206,1237,660,1315,3266,253,496,868
3013,469,14,30,106,338,0,352,30,253,202,103,386,0,15,92
3014,2415,316,105,456,1192,175,1019,35,1895,702,1118,2387,286,105,394
3015,466,30,75,150,136,60,256,30,105,75,182,420,30,75,90
3016,396,32,42,96,171,26,191,22,174,98,155,344,21,35,55
3017,777,0,52,458,152,102,404,50,259,152,314,628,0,52,209
3018,654,0,218,0,517,80,356,80,80,299,628,597,0,218,0
3019,1517,51,91,91,572,45,618,96,481,340,705,1364,0,91,91
3020,1704,181,0,321,504,100,379,60,474,461,420,1438,79,0,116
3021,1962,265,33,364,930,99,994,100,499,564,588,1300,70,0,67
3022,749,106,26,262,501,120,502,0,500,156,645,701,94,14,202
3023,1745,213,289,958,1614,263,1239,49,1143,478,1344,1078,98,220,245
3024,0,0,0,0,0,0,0,0,0,0,0,0,0,0,0
3025,1158,150,82,478,464,136,614,27,1023,273,535,1117,134,82,368
3026,1634,66,66,67,382,119,486,53,1087,515,553,1525,72,66,40
3027,1630,23,92,69,276,23,667,207,942,298,393,1631,23,69,69
3028,931,41,124,21,207,41,248,41,435,207,228,931,41,124,21
3029,228,8,23,8,23,19,15,26,121,42,100,225,9,23,8
3030,350,0,0,10,10,0,41,31,134,31,94,350,4,0,14
3031,656,115,12,0,287,58,403,12,414,149,195,657,104,12,0
3032,752,92,125,413,696,114,534,21,493,206,579,465,42,95,106
3033,1396,170,232,767,1292,211,991,39,915,383,1076,863,82,176,196
3034,0,0,0,0,0,0,0,0,0,0,0,0,0,0,0
3035,970,39,39,40,227,71,288,31,646,306,328,905,40,39,24
3036,2000,94,112,112,933,19,891,56,822,428,599,1873,96,94,94
3037,502,62,53,35,290,0,246,44,282,115,166,494,62,53,35
3038,186,24,13,77,74,22,98,4,164,44,86,181,20,13,59
3039,694,28,28,28,162,50,206,22,462,219,235,647,28,28,17
3040,899,128,31,315,601,144,602,0,600,187,774,841,113,16,242
3041,679,51,304,1003,0,51,537,30,213,354,172,669,51,294,658
3042,1325,179,22,246,628,67,671,68,337,381,397,878,56,0,45
3043,1128,57,287,184,545,95,460,58,401,230,405,986,39,251,58
3044,1715,159,80,81,1546,26,768,27,908,932,492,1002,27,27,54
3045,2376,321,40,441,1126,121,1203,121,604,683,712,1579,81,0,81
3046,788,32,32,32,184,57,234,25,524,248,266,735,32,32,19
3047,1773,179,279,538,517,159,796,100,597,318,635,1575,124,239,419
3048,1482,25,307,539,1069,103,1101,233,336,129,507,1156,6,131,263
3049,168,6,17,6,17,14,11,19,88,31,73,167,260,17,9
3050,220,29,16,91,88,26,117,5,194,52,102,214,46,16,70
3051,161,21,11,67,65,19,86,4,142,38,75,156,69,11,55
3052,1370,122,137,258,638,167,547,76,609,457,667,1173,97,107,137
3053,223,20,22,42,104,27,89,12,99,74,108,193,64,17,22
3054,1805,91,459,295,872,152,737,93,642,368,649,1574,63,401,94
3055,1035,48,58,58,483,10,461,29,425,222,310,969,53,48,48
3056,954,77,107,184,246,6,479,51,389,213,289,861,60,95,115
3057,857,69,96,165,221,5,431,46,350,191,260,774,54,86,103
3058,1313,22,272,477,947,91,975,206,297,114,449,1024,0,116,233
3059,675,11,140,245,487,47,502,106,153,59,231,527,16,60,120
3060,832,62,373,1230,0,62,658,37,261,435,211,820,62,360,808
3061,802,60,359,1186,0,60,635,36,251,419,204,792,63,347,778
3062,460,56,48,32,266,0,225,40,258,105,152,452,56,48,32
3063,636,78,67,45,367,0,312,56,357,145,211,625,84,67,46
3064,207,25,22,15,120,0,102,18,116,47,69,204,25,22,15
3065,432,53,45,30,250,0,212,38,243,99,143,425,53,45,30
3066,693,121,12,0,304,61,425,12,438,158,205,695,109,12,0
3067,239,42,4,0,105,21,147,4,151,54,71,240,41,4,2
3068,414,73,7,0,181,36,254,7,261,94,123,415,69,7,0
3069,401,70,7,0,176,35,246,7,253,91,119,401,63,7,0
3070,710,63,71,134,331,87,283,39,315,237,346,611,50,55,72
3071,481,15,30,109,346,0,361,30,259,207,105,394,1,16,95
3072,486,31,79,157,141,63,267,32,110,78,190,439,31,79,94
3073,142,9,23,46,41,18,78,9,32,23,55,128,9,23,27
3074,251,16,41,81,73,32,138,16,57,40,98,227,27,41,49
3075,417,27,67,135,121,54,229,27,94,67,163,376,47,67,80
3076,1171,125,0,220,347,68,260,41,325,317,289,989,83,0,80
3077,567,60,0,107,168,33,126,20,157,153,140,478,26,0,39
3078,1174,167,40,411,786,188,786,0,784,244,1011,1098,148,22,316
3079,1104,103,51,52,995,17,494,17,585,600,317,645,17,17,35
3080,420,54,30,173,169,49,223,10,371,99,194,405,44,30,133
3081,641,29,86,14,143,29,171,29,299,143,157,642,33,86,14
3082,576,26,77,13,128,26,154,26,269,128,141,576,26,77,13
3083,684,23,68,23,68,56,46,79,361,125,299,672,24,68,27
3084,1100,37,109,37,109,91,73,127,580,201,482,1082,39,109,37
3085,519,0,0,15,15,0,61,46,198,46,140,520,18,0,20
3086,1119,0,0,33,33,0,132,99,427,99,301,1119,0,0,33
3101,1742,0,697,0,0,0,1220,0,0,174,0,1796,192,697,23
3102,1400,0,0,0,0,0,1281,0,711,0,0,1402,0,0,2
3103,230,27,50,35,126,7,170,25,79,24,63,191,14,46,6
3104,205,0,213,0,0,0,61,0,91,68,61,217,29,213,6
3105,442,0,442,236,229,0,1261,0,280,59,354,395,311,528,44
3106,0,0,0,0,0,0,1506,0,0,0,0,2,0,0,0
3107,3287,561,1182,491,1412,61,2397,246,1418,804,1712,2801,524,1120,185
3108,1076,0,0,0,0,0,431,0,431,323,126,1085,24,0,2
3109,228,27,50,35,125,7,169,25,79,24,63,191,27,46,6
3110,511,60,111,78,281,16,379,56,176,54,141,469,91,120,20
3111,91,0,182,0,0,0,636,0,0,0,0,94,2,182,0
3112,166,20,36,25,91,5,123,18,57,17,46,142,12,146,148
3113,372,54,266,0,162,0,858,52,425,108,52,376,55,266,1
3114,4988,1301,217,1735,6940,434,1084,1301,1735,0,2169,2825,446,0,221
3115,106,12,23,16,58,3,78,11,36,11,29,88,6,21,3
3116,625,74,136,95,344,19,464,68,215,66,173,521,40,170,16
3117,121,14,26,18,66,4,90,13,42,13,33,101,7,24,3
3118,228,27,50,35,125,7,169,25,78,24,63,198,22,46,7
3119,179,21,39,27,98,5,133,19,62,19,49,151,25,36,4
3120,167,20,36,25,92,5,124,18,57,17,46,139,10,33,4
3121,1549,0,0,0,0,0,0,0,0,0,0,1552,7,0,1
3122,979,0,326,0,163,0,816,163,489,163,0,984,35,326,17
3123,43,5,9,6,23,1,32,5,15,4,12,44,3,32,7
3124,72,0,0,0,0,0,470,0,0,0,0,76,12,0,1
3125,0,0,0,0,0,0,0,0,0,0,0,0,0,0,0
3126,0,0,0,0,0,0,0,0,0,0,0,0,0,0,0
3127,0,0,0,0,0,0,0,0,0,0,0,0,0,0,0
3201,1064,127,140,410,459,101,343,59,543,279,461,998,89,3607,1335
3202,641,0,159,0,0,0,80,40,293,124,490,644,5,159,106
3203,1683,0,0,0,760,434,950,0,0,570,0,733,5,0,3
3204,2800,117,403,632,451,286,520,527,1041,231,405,2694,120,293,469
3205,2735,133,444,139,403,48,950,94,1137,400,488,2596,179,444,139
3206,3449,167,166,1870,499,385,2475,112,2425,990,219,2855,173,112,447
3207,1600,325,219,398,615,72,730,119,443,445,736,1454,329,108,325
3208,1285,103,154,721,257,51,670,154,1079,360,349,1039,79,103,468
3209,3253,354,0,1053,709,139,560,209,1339,774,999,2559,292,0,426
3210,2241,64,193,319,576,193,1528,254,1279,770,761,1992,162,195,198
3211,2834,173,260,867,464,0,434,347,668,579,528,2777,173,260,868
3212,3179,118,119,404,1100,59,456,118,1170,876,965,2900,127,119,184
3213,2669,252,110,504,164,47,190,150,1106,840,570,2338,158,110,219
3214,2576,581,572,1572,2296,511,539,303,2164,629,2274,1227,391,210,421
3215,47,6,6,18,20,4,15,3,24,12,20,169,3,4,6
3216,98,0,98,65,33,0,358,0,0,98,65,98,0,98,65
3217,0,0,0,0,0,0,0,0,0,0,0,27,0,105,175
3218,57,57,511,0,0,0,57,0,170,57,57,57,57,511,0
3219,136,16,18,52,59,13,44,8,69,36,59,103,8,12,19
3220,475,0,186,410,680,102,84,0,461,186,587,168,0,128,0
3221,112,13,15,43,48,11,36,6,57,29,48,85,7,10,15
3222,192,0,38,154,77,0,77,38,154,38,110,20,0,1,94
3223,6009,1211,1422,6369,6595,1093,3619,221,2501,868,3712,2469,215,536,1609
3224,354,1061,354,2476,354,707,0,0,3183,1061,2729,0,0,0,0
3225,523,0,0,523,0,0,93,93,168,0,0,336,0,0,336
3226,4182,674,376,302,2689,426,1268,0,2168,1471,1979,2635,258,257,64
3227,3425,432,257,1301,2261,301,566,85,1824,908,1789,2413,219,169,508
3228,0,0,0,0,0,0,0,0,0,0,0,0,0,0,0
3229,1916,0,287,96,96,0,192,0,383,287,766,1916,0,287,96
3230,384,46,50,148,166,37,123,21,196,100,166,291,23,33,53
3231,1464,125,81,318,677,78,81,42,1044,602,781,918,187,42,83
3232,331,41,0,41,83,0,41,0,83,41,132,334,41,0,41
3233,486,64,65,32,291,0,95,0,65,65,31,454,33,65,32
3234,1657,74,37,149,897,37,376,74,560,485,725,1544,76,37,154
3235,829,0,0,41,179,49,284,49,276,138,582,582,4,0,0
3236,2428,503,757,606,704,252,555,51,1062,605,1146,2329,305,608,507
3237,0,0,0,0,0,0,0,0,0,0,0,19,0,0,6
3238,0,0,0,0,0,0,0,0,0,0,0,0,0,0,0
3239,121,15,16,47,52,12,39,7,62,32,52,97,7,84,30
3240,0,0,0,0,0,0,0,0,0,0,0,0,0,0,0
3241,235,28,31,91,101,22,76,13,120,61,102,288,22,908,777
3242,0,0,0,0,0,0,0,0,0,0,0,0,0,0,0
3243,0,0,0,0,0,0,0,0,0,0,0,0,0,0,0
3301,3637,246,533,327,1307,123,2981,124,1062,817,1170,2992,292,452,205
3302,722,25,250,75,123,0,242,25,75,123,231,676,43,267,76
3303,0,0,0,0,0,0,0,0,0,0,0,1,1,0,0
3304,272,11,58,53,82,6,144,15,84,59,86,239,13,46,44
3305,0,0,0,0,0,0,0,0,0,0,0,0,0,0,0
3306,5586,103,1145,1255,1561,0,1774,413,1757,1031,1636,5055,111,825,723
3307,383,0,0,332,0,0,0,0,51,77,38,306,0,0,255
3308,102,51,305,51,152,102,508,0,254,203,203,102,51,254,51
3309,0,0,0,0,0,0,0,0,0,0,0,0,0,0,0
3310,0,0,0,0,0,0,0,0,0,0,0,0,0,0,0
3311,0,0,0,0,0,0,0,0,0,0,0,0,0,0,0
3312,0,0,0,0,0,0,0,0,0,0,0,0,0,0,0
3313,300,12,64,59,91,6,159,16,92,65,94,263,12,51,38
3314,0,0,0,0,0,0,0,0,0,0,0,0,0,0,0
3315,0,0,0,0,0,0,0,0,0,0,0,0,0,0,0
3401,283,37,17,39,160,12,54,22,128,19,101,114,11,8,9
3402,1708,179,108,73,409,72,394,179,751,214,141,1261,73,73,73
3403,765,151,66,138,488,95,83,68,255,69,431,355,53,43,41
3404,404,0,0,0,0,0,808,0,0,0,0,0,0,0,0
3405,2687,369,47,864,776,47,546,138,1394,303,699,2009,233,47,140
3406,2213,483,250,696,1037,89,197,136,892,161,954,745,89,89,195
3407,1035,259,125,238,969,149,212,133,551,104,627,583,157,47,74
3408,1367,84,19,37,944,9,0,164,1137,0,349,270,0,0,0
3409,0,0,0,0,0,0,0,0,0,0,0,0,0,0,0
3410,709,93,44,98,401,30,136,54,320,48,253,287,29,20,41
3411,631,105,28,56,750,7,7,35,554,0,412,91,0,0,0
3412,3965,154,461,592,1724,0,700,80,1525,597,1354,2708,81,239,2
3413,669,0,0,0,0,0,1338,0,0,0,0,3,0,0,0
3414,783,0,0,0,0,0,0,0,0,0,0,0,0,0,0
3415,0,0,0,0,0,0,0,0,0,0,0,0,0,0,0
3416,794,173,90,250,372,32,71,49,320,58,342,267,32,32,70
3417,565,74,35,78,319,24,108,43,255,38,201,240,162,16,19
3418,2880,112,335,430,1252,0,508,58,1108,434,984,1967,89,174,0
3419,1553,307,135,279,990,193,168,137,518,140,876,718,92,88,82
3420,692,72,44,30,165,29,160,72,304,87,57,506,30,30,30
3421,925,97,59,40,221,39,213,97,407,116,76,677,40,40,40
3422,556,110,48,100,354,69,60,49,185,50,313,257,33,31,29
3423,263,28,17,11,63,11,61,28,116,33,22,193,14,11,11
3425,3376,262,0,34,1493,0,262,262,299,37,592,415,0,0,34
3426,336,56,15,30,400,4,4,19,295,0,220,48,0,0,0
3427,633,106,28,56,753,7,7,35,556,0,414,91,0,0,0
3428,588,98,26,52,699,7,7,33,516,0,384,85,0,0,0
3429,1822,112,25,50,1259,12,0,218,1516,0,465,361,0,0,0
3430,1337,83,18,37,924,9,0,160,1112,0,341,265,0,0,0
3431,655,40,9,18,453,4,0,79,545,0,167,130,0,0,0
3432,1130,224,98,203,721,140,122,100,377,102,638,522,67,64,60
3433,849,168,74,153,541,105,92,75,283,77,479,392,50,48,45
3434,483,96,42,87,308,60,52,43,161,44,272,223,28,27,26
3435,628,105,28,56,747,7,7,35,552,0,411,91,0,0,0
3436,590,81,10,190,170,10,120,30,306,67,153,442,51,10,31
3437,762,166,86,240,357,31,68,47,307,55,328,257,97,31,67
3438,955,208,108,301,448,39,85,59,385,69,412,322,39,38,84
3439,1323,331,160,304,1238,191,272,170,705,133,802,747,218,60,94
3440,1582,395,191,363,1481,228,325,203,843,159,959,892,240,72,113
3441,1249,312,151,287,1169,180,256,160,665,125,757,704,190,57,89
3442,578,0,0,0,0,0,1157,0,0,0,0,0,0,0,0
3443,525,104,45,94,334,65,57,46,175,47,296,242,31,30,28
3444,1348,337,163,309,1261,195,277,173,718,135,817,759,205,61,96
3445,506,84,23,45,602,6,6,28,444,0,331,73,0,0,0
3446,800,133,36,71,952,9,9,44,703,0,523,115,0,0,0
3447,414,69,18,37,493,5,5,23,364,0,271,60,0,0,0
3448,0,0,0,0,0,0,0,0,0,0,0,0,0,0,0
3449,294,49,13,26,350,3,3,16,258,0,192,42,0,0,0
3450,516,86,23,46,613,6,6,29,453,0,337,74,0,0,0
3451,445,74,20,40,530,5,5,25,391,0,291,64,0,0,0
3452,0,0,0,0,0,0,0,0,0,0,0,0,0,0,0
3453,938,58,13,26,648,6,0,112,780,0,239,186,0,0,0
3454,0,0,0,0,0,0,0,0,0,0,0,0,0,0,0
3455,881,54,12,24,608,6,0,106,732,0,225,174,0,0,0
3456,512,32,7,14,354,4,0,61,426,0,131,101,0,0,0
3457,484,96,42,87,308,60,52,43,161,44,273,224,29,27,26
3458,669,132,58,120,427,83,72,59,223,60,378,309,39,38,35
3459,807,160,70,145,514,100,87,71,269,73,455,373,48,45,43
3460,2660,207,0,27,1176,0,207,207,236,30,466,327,0,0,27
3461,1943,151,0,20,859,0,151,151,172,22,341,239,0,0,20
3462,873,91,55,37,209,37,201,91,384,109,72,639,37,37,37
3463,413,43,26,18,99,17,95,43,182,52,34,303,18,18,18
3464,813,85,52,35,195,34,188,85,358,102,67,603,41,35,37
3465,302,32,19,13,72,13,70,32,133,38,25,221,13,13,13
3466,1444,315,163,455,677,58,129,89,582,105,623,486,58,58,127
3467,880,192,99,277,412,36,78,54,355,64,379,296,35,35,78
3468,1158,159,20,372,335,20,235,60,601,131,301,866,101,20,60
3469,292,40,5,94,84,5,59,15,151,33,76,218,25,5,15
3470,914,0,0,0,0,0,1829,0,0,0,0,0,0,0,0
3471,325,81,39,75,304,47,67,42,173,33,197,183,49,15,23
3501,404,0,199,41,81,0,1259,0,279,200,79,867,614,244,72
3502,384,0,384,0,288,0,671,96,0,192,96,384,0,384,0
3503,112,0,609,0,0,0,856,125,0,398,76,75,12,609,3
3504,512,21,382,0,33,0,627,76,325,199,272,518,32,382,1
3505,849,0,430,0,0,0,575,59,111,356,178,850,3,430,1
3506,312,0,488,30,0,0,660,0,89,277,93,313,0,488,30
3507,474,30,165,95,192,12,332,27,144,97,200,345,13,141,21
3508,52,0,9,9,0,0,35,0,17,17,17,67,115,730,249
3509,750,0,391,61,30,0,904,90,272,242,209,741,71,465,90
3510,396,0,540,0,38,0,1661,76,292,303,190,441,257,490,8
3511,531,0,387,164,80,0,1252,161,223,207,154,532,0,387,164
3512,1169,0,231,39,39,0,1011,78,309,386,461,500,22,192,0
3513,284,18,99,57,115,7,199,16,86,58,120,204,7,84,13
3514,3794,293,937,1590,5954,235,1298,176,1808,873,3564,1876,121,1370,678
3515,2329,149,810,468,945,61,1631,131,707,477,982,1680,99,692,115
3516,1548,99,538,311,628,40,1084,87,470,317,652,1112,43,460,69
3517,0,0,0,0,0,0,0,0,0,0,0,9,58,0,1
3518,101,6,35,20,41,3,71,6,31,21,43,73,2,30,4
3519,1934,124,673,388,785,50,1354,109,587,396,815,1391,51,575,86
3520,0,0,0,0,0,0,0,0,0,0,0,5,4,0,319
3521,243,16,85,49,99,6,170,14,74,50,103,175,6,72,11
3522,293,0,391,0,0,0,684,195,0,98,293,293,0,391,0
3523,474,0,237,0,0,0,272,0,146,60,42,474,0,237,0
3524,236,0,304,0,0,0,1103,34,68,101,90,241,63,304,1
3525,554,35,193,111,225,14,388,31,168,114,234,404,16,177,142
3526,256,16,89,52,104,7,180,14,78,53,108,184,7,76,15
3527,413,0,228,0,0,0,426,51,77,0,136,587,5,228,1
3528,551,0,104,0,0,0,318,29,504,167,213,553,0,104,0
3529,435,65,426,0,30,0,646,69,159,237,414,439,92,426,1
3530,295,0,165,68,34,0,374,0,165,193,144,306,5,169,70
3531,652,42,227,131,265,17,457,37,198,134,275,470,17,194,30
3532,315,49,589,0,49,0,1249,97,146,348,68,337,54,589,3
3533,665,0,158,158,0,0,317,63,253,95,127,672,18,162,104
3534,112,0,72,0,81,0,206,0,31,63,134,128,18,229,78
3535,118,8,41,24,48,3,83,7,36,24,50,210,819,35,26
3536,0,0,0,0,0,0,0,0,0,0,0,6,0,100,0
3537,0,0,0,0,0,0,0,0,0,0,0,0,0,0,0
3538,22,1,8,4,9,1,15,1,7,5,9,16,1,7,1
3539,826,7,406,157,39,3,474,75,196,110,212,794,3,401,151
3540,227,0,340,57,0,0,368,0,57,170,113,203,15,340,64
3541,349,22,121,70,142,9,245,20,106,72,147,258,10,104,16
3542,0,0,0,0,0,0,0,0,0,0,0,28,45,545,188
3543,3033,249,518,199,209,0,0,0,176,176,748,2737,187,518,6
3544,8299,593,0,2371,1186,0,2371,0,1186,0,2371,4163,0,59,14
3545,5534,729,1119,1698,4183,630,1365,145,2368,821,3041,3634,306,191,525
3546,83,5,29,17,34,2,58,5,25,17,35,76,31,89,168
3547,438,28,152,88,178,11,307,25,133,90,185,328,18,145,163
3548,616,39,214,124,250,16,431,35,187,126,260,443,15,183,28
3549,0,0,0,0,0,0,0,0,0,0,0,0,0,0,13
3550,4169,267,1450,837,1692,109,2920,235,1266,855,1757,2994,105,1239,185
3551,1433,126,1039,44,251,0,1229,84,489,335,240,1392,126,998,44
3552,1554,99,541,312,631,40,1089,88,472,319,655,1119,89,462,75
3553,0,0,0,0,0,0,0,0,0,0,0,4,11,0,0
3554,90,0,225,0,0,0,360,45,0,45,90,92,3,225,1
3555,792,0,271,0,0,0,742,50,366,155,166,800,4,343,40
3556,220,14,77,44,89,6,154,12,67,45,93,158,5,65,10
3557,39,3,14,8,16,1,27,2,12,8,16,28,1,12,2
3558,74,5,26,15,30,2,52,4,22,15,31,53,2,22,3
3559,0,0,0,0,0,0,0,0,0,0,0,0,0,0,0
3560,342,22,119,69,139,9,239,19,104,70,144,245,8,102,15
3561,405,26,141,81,164,11,283,23,123,83,171,299,17,137,55
3562,0,0,0,0,0,0,0,0,0,0,0,41,151,649,175
3563,0,0,0,0,0,0,0,0,0,0,0,6,0,0,0
3564,0,0,0,0,0,0,0,0,0,0,0,0,0,0,0
3565,0,0,0,0,0,0,0,0,0,0,0,0,0,0,0
3566,0,0,0,0,0,0,0,0,0,0,0,0,0,0,0
3567,0,0,0,0,0,0,0,0,0,0,0,0,0,0,0
3568,0,0,0,0,907,0,0,0,0,0,0,4,0,0,11
3569,0,0,0,0,0,0,0,0,0,0,0,1,0,0,0
3570,0,0,0,0,0,0,0,0,0,0,0,3,0,0,0
3601,7038,918,232,1246,5690,269,2544,346,6220,1253,3796,5630,592,232,322
3602,1579,221,494,488,1531,247,1569,311,1371,283,1572,1201,165,283,186
3603,2920,0,124,337,940,18,390,106,549,124,856,2474,0,106,141
3604,2165,82,21,247,433,0,309,62,309,62,495,1671,82,21,165
3605,569,7,7,29,145,7,138,37,109,22,181,441,7,433,62
3606,2380,26,51,228,536,0,561,129,487,102,845,1983,28,51,129
3607,829,210,282,420,1766,0,198,0,131,0,147,606,68,140,95
3608,1160,283,61,335,1202,0,195,46,977,38,514,753,183,40,157
3609,2383,617,88,797,1819,0,205,206,1178,30,991,1243,148,30,416
3610,6,0,0,0,1,0,1,0,1,0,2,5,0,0,0
3611,1417,236,36,18,1097,126,34,107,1274,396,860,1106,54,18,0
3612,2194,73,97,193,1136,217,363,266,1637,412,695,1246,25,48,120
3613,3935,380,97,388,914,97,538,97,633,242,1388,2507,331,47,192
3614,801,190,130,158,661,272,389,57,417,57,906,362,58,48,21
3615,1562,277,358,183,2928,0,277,0,284,0,1042,616,129,349,97
3616,5359,444,370,0,3408,0,650,72,877,77,1987,3041,227,154,0
3617,3473,788,0,0,3737,0,388,97,590,0,1777,2018,303,0,0
3618,3467,73,0,402,1155,0,286,286,924,220,923,2351,73,0,73
3619,4036,48,0,378,995,95,616,143,1328,190,1320,3187,48,0,95
3620,0,0,0,0,0,0,0,0,0,0,0,0,0,0,0
3621,4556,116,118,407,1347,178,766,234,1168,410,1162,3778,116,58,407
3622,5278,252,0,655,1357,0,807,151,1006,100,1264,4471,103,0,352
3623,1642,0,0,83,389,0,0,0,326,83,229,1435,34,140,268
3624,1800,53,53,120,479,13,266,53,359,160,655,1444,56,13,67
3625,1085,152,339,335,1052,170,1078,214,942,194,1080,817,111,194,151
3626,144,20,45,44,140,23,143,28,125,26,143,110,23,26,17
3627,1960,0,83,227,631,12,262,71,368,83,574,1661,1,71,95
3628,2354,90,22,269,471,0,336,67,336,67,538,1819,94,22,179
3629,2676,29,58,257,603,0,631,145,548,115,951,2232,31,58,145
3630,2172,530,115,628,2251,0,364,86,1829,71,962,1411,342,95,294
3631,1719,419,91,497,1781,0,288,68,1447,56,761,1120,273,111,233
3632,2394,620,89,800,1828,0,206,207,1183,30,996,1247,149,30,419
3633,1188,31,33,96,195,0,208,95,227,48,310,929,31,15,62
3634,2432,63,67,197,399,0,427,194,466,99,634,1902,63,32,127
3635,1058,28,29,86,173,0,186,84,203,43,276,827,28,14,55
3636,1956,326,50,25,1515,174,46,148,1759,548,1188,1527,73,24,0
3637,1026,171,26,13,795,91,24,78,922,287,623,801,38,13,0
3638,1681,280,43,22,1302,150,40,127,1511,471,1021,1312,63,21,0
3639,1176,196,30,15,911,105,28,89,1057,329,714,920,50,15,0
3640,1807,60,80,159,936,179,299,219,1348,339,572,1026,21,39,99
3641,3036,251,210,0,1931,0,368,41,497,44,1125,1688,129,87,0
3642,311,7,0,36,103,0,26,26,83,20,83,226,7,0,26
3643,0,0,0,0,0,0,0,0,0,0,0,0,0,0,0
3644,1087,52,0,135,280,0,166,31,207,21,260,920,42,0,154
3645,2995,89,88,199,796,22,442,89,597,266,1090,2403,89,22,111
3646,902,27,27,60,240,7,133,27,180,80,328,724,27,7,34
3647,630,13,0,73,210,0,52,52,168,40,168,427,13,0,13
3648,1097,13,0,103,270,26,167,39,361,52,359,883,20,0,26
3649,2374,0,0,115,268,0,115,115,345,0,459,1838,0,0,115
3650,3601,92,93,322,1065,141,605,185,923,324,919,2986,92,46,322
3651,2365,0,100,273,761,14,316,86,444,100,693,2004,0,86,114
3652,2018,0,86,233,650,12,270,73,379,85,591,1710,0,73,98
3653,1596,0,68,184,514,10,213,58,300,68,468,1363,0,58,84
3654,1660,63,16,190,332,0,237,47,237,47,380,1281,63,16,127
3655,0,0,0,0,0,0,0,0,0,0,0,5,96,90,12
3656,2983,38,38,153,762,38,725,191,573,115,949,2224,38,0,77
3657,939,10,20,90,212,0,221,51,192,40,334,782,10,20,51
3658,706,179,240,357,1503,0,168,0,111,0,125,515,57,119,79
3659,140,35,48,71,297,0,33,0,22,0,25,102,13,24,17
3660,550,139,187,278,1170,0,131,0,87,0,97,401,50,92,62
3661,995,252,339,504,2119,0,238,0,157,0,176,726,84,167,112
3662,2144,523,113,620,2222,0,360,85,1805,70,950,1404,338,73,320
3663,1375,356,51,460,1050,0,118,119,680,17,572,716,86,17,240
3664,787,204,29,263,600,0,68,68,389,10,327,409,49,10,137
3665,1460,378,54,488,1115,0,126,126,722,18,607,760,91,18,255
3666,1839,476,68,615,1404,0,158,159,909,23,765,963,178,36,332
3667,1879,49,52,153,308,0,330,150,360,76,490,1469,49,24,98
3668,773,184,125,153,638,262,375,55,403,55,874,342,50,47,16
3669,2109,501,341,416,1739,715,1023,149,1098,149,2385,934,127,127,42
3670,1462,0,0,74,346,0,0,0,290,74,204,1258,0,0,74
3671,1217,36,36,81,324,9,180,36,243,108,443,976,38,9,45
3672,0,0,0,0,0,0,0,0,0,0,0,6,27,0,0
3701,0,0,0,0,0,0,0,0,0,0,0,48,13,2185,141
3702,0,0,0,0,0,0,0,0,0,0,0,64,16,2013,40
3703,309,6,17,26,173,8,120,16,151,87,113,324,148,15,18
3704,979,37,0,147,843,36,436,72,588,509,421,830,3,0,72
3705,590,0,74,111,258,0,184,0,111,184,147,595,0,0,74
3706,479,0,0,0,28,0,56,56,225,28,85,479,0,0,0
3707,856,50,151,146,581,91,201,0,832,384,484,857,50,151,101
3708,1589,69,139,69,677,0,677,0,901,347,638,1526,78,139,69
3709,654,82,0,0,654,245,409,0,654,327,409,574,82,0,12
3710,21,0,1,2,12,1,8,1,10,6,8,58,1,2151,6
3711,1395,0,0,0,1116,0,70,0,488,279,697,1186,0,0,0
3712,117,2,6,10,66,3,45,6,57,33,43,103,2,6,7
3713,1459,0,38,75,1038,0,446,38,782,409,366,1250,6,38,75
3714,1035,36,214,36,393,0,535,36,428,428,357,893,7,214,36
3715,514,0,47,0,140,47,187,187,281,47,94,514,10,47,0
3716,2166,0,0,28,1318,0,342,31,931,480,1065,1489,0,0,0
3717,2809,54,159,261,1050,0,1582,322,847,945,1017,2302,68,159,261
3718,809,0,0,62,311,0,187,0,187,0,125,809,0,0,0
3719,61,1,3,5,34,2,24,3,30,17,22,54,1,3,4
3720,814,0,45,179,224,104,328,142,411,90,208,763,0,45,179
3721,1095,61,61,213,641,61,579,0,974,365,184,1064,39,30,182
3722,1060,71,0,0,424,0,636,141,636,353,353,1060,71,0,0
3723,0,0,0,0,0,0,0,0,0,0,0,0,0,0,0
3724,552,0,0,39,315,0,473,0,315,158,197,513,2,0,0
3725,859,0,45,0,226,0,136,136,226,181,90,859,0,45,0
3726,788,0,263,131,460,0,131,0,394,394,394,657,0,263,66
3727,346,0,0,48,138,0,0,0,0,0,194,249,1,0,0
3728,483,0,0,241,402,0,322,0,241,402,80,483,0,0,161
3729,1768,0,0,143,1685,0,1037,0,824,179,823,1436,0,0,60
3730,0,0,0,0,0,0,0,0,0,0,0,0,0,0,0
3731,0,0,0,0,0,0,0,0,0,0,0,0,0,23,0
3732,0,0,0,0,0,0,0,0,0,0,0,4,3,0,2
3733,0,0,0,0,0,0,0,0,0,0,0,0,0,0,0
3734,0,0,0,0,0,0,0,0,0,0,0,0,0,0,0
3735,0,0,0,0,0,0,0,0,0,0,0,0,0,0,0
3736,0,0,0,0,0,0,0,0,0,0,0,0,0,0,0
3737,0,0,0,0,0,0,0,0,0,0,0,0,0,0,0
3738,0,0,0,0,0,0,0,0,0,0,0,0,0,0,0
3739,0,0,0,0,0,0,0,0,0,0,0,0,0,0,0
3740,0,0,0,0,0,0,0,0,0,0,0,0,0,0,0
3741,0,0,0,0,0,0,0,0,0,0,0,0,0,0,0
3742,0,0,0,0,0,0,0,0,0,0,0,0,0,0,0
3743,0,0,0,0,0,0,0,0,0,0,0,0,0,0,0
3744,337,7,18,28,189,9,131,17,165,95,123,297,5,17,20
3745,0,0,0,0,0,0,0,0,0,0,0,0,0,0,0
3746,0,0,0,0,0,0,0,0,0,0,0,0,0,0,0
3747,0,0,0,0,0,0,0,0,0,0,0,0,0,0,0
3748,0,0,0,0,0,0,0,0,0,0,0,0,0,0,0
3749,0,0,0,0,0,0,0,0,0,0,0,0,0,0,0
3750,0,0,0,0,0,0,0,0,0,0,0,0,0,0,0
3751,0,0,0,0,0,0,0,0,0,0,0,0,0,0,0
3752,0,0,0,0,0,0,0,0,0,0,0,0,0,0,0
3753,0,0,0,0,0,0,0,0,0,0,0,0,0,0,0
3754,0,0,0,0,0,0,0,0,0,0,0,0,0,0,0
3755,0,0,0,0,0,0,0,0,0,0,0,0,0,0,0
3756,0,0,0,0,0,0,0,0,0,0,0,0,0,0,0
3757,0,0,0,0,0,0,0,0,0,0,0,0,0,0,0
3758,0,0,0,0,0,0,0,0,0,0,0,0,2,0,0
3759,0,0,0,0,0,0,0,0,0,0,0,0,0,0,0
3760,0,0,0,0,0,0,0,0,0,0,0,0,0,0,0
3761,702,14,38,59,393,18,272,35,343,197,256,619,11,34,41
3762,511,10,27,43,286,13,198,26,249,143,186,450,8,25,30
3763,0,0,0,0,0,0,0,0,0,0,0,0,0,0,0
3764,0,0,0,0,0,0,0,0,0,0,0,0,0,0,0
3765,0,0,0,0,0,0,0,0,0,0,0,0,0,0,0
3766,0,0,0,0,0,0,0,0,0,0,0,0,0,0,0
3767,0,0,0,0,0,0,0,0,0,0,0,0,0,0,0
3768,0,0,0,0,0,0,0,0,0,0,0,0,0,35,0
3801,0,0,0,0,0,0,0,0,0,0,0,65,68,184,59
3802,985,87,158,204,389,38,405,77,415,186,367,796,76,199,112
3803,1363,120,218,282,538,52,560,107,574,257,508,1104,109,286,159
3804,211,19,34,44,83,8,87,16,89,40,79,170,16,41,24
3805,367,32,59,76,145,14,151,29,155,69,137,304,36,95,49
3806,329,29,53,68,130,13,135,26,138,62,122,315,77,206,82
3807,6458,569,1033,1334,2548,246,2655,505,2721,1218,2406,5190,473,1231,713
3808,636,56,102,131,251,24,261,50,268,120,237,543,80,211,99
3809,551,49,88,114,218,21,227,43,232,104,205,477,76,202,92
3810,304,27,49,63,120,12,125,24,128,57,113,288,68,181,73
3811,0,0,0,0,0,0,0,0,0,0,0,26,27,73,23
3812,0,0,0,0,0,0,0,0,0,0,0,5,5,13,4
3813,1886,166,302,390,744,72,776,147,795,356,703,1481,101,261,177
3814,169,15,27,35,67,6,69,13,71,32,63,163,41,110,44
3815,1883,166,301,389,743,72,774,147,793,355,701,1474,96,247,172
3816,105,9,17,22,41,4,43,8,44,20,39,104,28,76,29
3817,949,84,152,196,374,36,390,74,400,179,354,752,58,151,95
3818,158,14,25,33,62,6,65,12,66,30,59,154,41,108,42
3819,0,0,0,0,0,0,0,0,0,0,0,0,0,0,0
3820,64,6,10,13,25,2,26,5,27,12,24,66,20,52,20
3821,0,0,0,0,0,0,0,0,0,0,0,42,44,120,38
3822,0,0,0,0,0,0,0,0,0,0,0,0,0,0,0
3823,207,18,33,43,82,8,85,16,87,39,77,162,11,27,19
3824,0,0,0,0,0,0,0,0,0,0,0,15,16,44,14
3825,0,0,0,0,0,0,0,0,0,0,0,5,5,13,4
3826,103,9,16,21,41,4,42,8,43,19,38,81,5,14,9
3827,0,0,0,0,0,0,0,0,0,0,0,5,5,13,4
3828,172,15,28,36,68,7,71,13,73,33,64,135,9,23,16
3829,0,0,0,0,0,0,0,0,0,0,0,0,0,0,0
3830,0,0,0,0,0,0,0,0,0,0,0,13,14,37,12
3831,0,0,0,0,0,0,0,0,0,0,0,9,10,26,8
3832,173,15,28,36,68,7,71,14,73,33,64,135,9,23,16
3833,402,35,64,83,159,15,165,31,170,76,150,315,21,53,37
3834,982,87,157,203,388,37,404,77,414,185,366,774,55,142,94
3835,90,8,14,19,36,3,37,7,38,17,34,84,19,50,21
3836,0,0,0,0,0,0,0,0,0,0,0,0,0,0,0
3837,116,10,18,24,46,4,47,9,49,22,43,99,15,41,19
3838,0,0,0,0,0,0,0,0,0,0,0,3,4,10,3
3839,0,0,0,0,0,0,0,0,0,0,0,0,0,0,0
3840,307,27,49,63,121,12,126,24,129,58,114,246,21,55,33
3841,0,0,0,0,0,0,0,0,0,0,0,0,0,0,0
3842,216,19,35,45,85,8,89,17,91,41,81,183,26,68,32
3843,372,33,60,77,147,14,153,29,157,70,139,291,19,49,34
3844,89,8,14,18,35,3,37,7,38,17,33,70,5,12,8
3845,0,0,0,0,0,0,0,0,0,0,0,0,0,0,0
3846,301,27,48,62,119,11,124,24,127,57,112,245,25,65,36
3847,165,15,26,34,65,6,68,13,70,31,62,135,15,38,20
3848,0,0,0,0,0,0,0,0,0,0,0,0,0,0,0
3849,186,16,30,38,73,7,76,15,78,35,69,145,10,24,17
3850,260,23,42,54,103,10,107,20,110,49,97,204,13,34,24
3851,246,22,39,51,97,9,101,19,104,47,92,209,30,78,37
3852,0,0,0,0,0,0,0,0,0,0,0,3,3,9,3
3853,267,24,43,55,105,10,110,21,113,50,100,218,23,60,33
3854,0,0,0,0,0,0,0,0,0,0,0,24,25,68,22
3855,374,33,60,77,148,14,154,29,158,71,139,302,29,74,42
3856,221,20,35,46,87,8,91,17,93,42,83,173,11,29,20
3857,900,79,144,186,355,34,370,70,379,170,335,704,46,118,82
3858,1630,144,261,337,643,62,670,127,687,308,607,1276,83,214,149
3859,79,7,13,16,31,3,32,6,33,15,29,66,9,24,11
3860,176,16,28,36,70,7,72,14,74,33,66,138,9,23,16
3861,0,0,0,0,0,0,0,0,0,0,0,0,0,0,0
3862,209,18,33,43,83,8,86,16,88,39,78,164,11,27,19
3863,0,0,0,0,0,0,0,0,0,0,0,2,2,5,2
3864,376,33,60,78,148,14,155,29,159,71,140,325,51,135,62
3865,211,19,34,44,83,8,87,16,89,40,79,168,14,37,22
3866,0,0,0,0,0,0,0,0,0,0,0,0,0,0,0
3867,0,0,0,0,0,0,0,0,0,0,0,0,0,0,0
3868,241,21,39,50,95,9,99,19,102,45,90,192,15,40,25
3869,0,0,0,0,0,0,0,0,0,0,0,0,0,0,0
3870,329,29,53,68,130,13,135,26,139,62,123,262,22,56,34
3871,32,3,5,7,13,1,13,3,14,6,12,30,7,19,8
3872,299,26,48,62,118,11,123,23,126,56,111,234,15,39,27
3873,185,16,30,38,73,7,76,14,78,35,69,145,9,24,17
3874,0,0,0,0,0,0,0,0,0,0,0,0,0,0,0
3875,0,0,0,0,0,0,0,0,0,0,0,0,0,0,0
3876,270,24,43,56,107,10,111,21,114,51,101,211,14,35,25
3877,262,23,42,54,103,10,108,20,110,49,98,205,13,34,24
3878,742,65,119,153,293,28,305,58,313,140,276,581,38,97,68
3879,0,0,0,0,0,0,0,0,0,0,0,0,0,0,0
3880,0,0,0,0,0,0,0,0,0,0,0,0,0,0,0
3881,124,11,20,26,49,5,51,10,52,23,46,97,6,16,11
3882,0,0,0,0,0,0,0,0,0,0,0,0,0,0,0
3883,0,0,0,0,0,0,0,0,0,0,0,0,0,0,0
3884,0,0,0,0,0,0,0,0,0,0,0,0,0,0,0
3885,0,0,0,0,0,0,0,0,0,0,0,0,0,0,0
3886,0,0,0,0,0,0,0,0,0,0,0,0,0,0,0
3887,0,0,0,0,0,0,0,0,0,0,0,0,0,0,0
3888,0,0,0,0,0,0,0,0,0,0,0,0,0,0,0
3889,0,0,0,0,0,0,0,0,0,0,0,0,0,0,0
3890,0,0,0,0,0,0,0,0,0,0,0,0,0,0,0
3891,0,0,0,0,0,0,0,0,0,0,0,0,0,0,0
3892,0,0,0,0,0,0,0,0,0,0,0,0,0,0,0
3893,0,0,0,0,0,0,0,0,0,0,0,0,0,0,0
3894,0,0,0,0,0,0,0,0,0,0,0,0,0,0,0
3895,0,0,0,0,0,0,0,0,0,0,0,0,0,0,0
3896,0,0,0,0,0,0,0,0,0,0,0,0,0,0,0
3897,0,0,0,0,0,0,0,0,0,0,0,0,0,0,0
3901,2139,75,633,163,0,80,1483,313,533,229,239,1423,34,499,192
3902,2623,98,316,0,1544,0,2147,210,105,526,983,2557,34,406,29
3903,6591,477,120,715,6551,180,3337,239,3819,2981,5290,5060,381,662,414
3904,11510,264,1212,860,6178,0,3672,352,5856,2092,2972,11369,465,1421,701
3905,5607,199,714,199,2465,159,2742,159,1034,1988,2181,5670,561,1797,426
3906,142,0,34,0,0,0,98,0,44,12,38,485,402,1116,346
3907,4616,410,1325,631,282,95,3018,682,1803,972,957,4431,443,1384,567
3908,938,0,293,49,0,0,625,0,244,49,391,1260,402,1376,395
3909,5360,617,743,1405,999,174,2914,796,1906,829,1266,5176,650,747,1261
3910,9581,2053,1171,2794,3286,1075,4404,85,5480,1853,4355,7108,1215,1043,1353
3911,6967,118,433,2131,3079,0,3789,118,2127,2169,3190,5378,112,405,854
3912,1357,0,75,38,458,0,692,38,454,303,113,1157,34,165,66
3913,117,9,14,18,50,4,59,6,47,28,45,132,39,103,39
3914,0,0,0,0,0,0,0,0,0,0,0,32,34,90,29
3915,0,0,0,0,0,0,0,0,0,0,0,32,34,90,29
3916,0,0,0,0,0,0,0,0,0,0,0,32,34,90,29
3917,0,0,0,0,0,0,0,0,0,0,0,32,34,90,29
4001,317,28,51,66,125,12,130,25,134,60,118,451,230,618,213
4002,4330,381,693,895,1709,165,1780,339,1824,817,1613,3399,232,596,405
4003,588,52,94,121,232,22,242,46,248,111,219,460,30,77,54
4004,1277,113,204,264,504,49,525,100,538,241,476,1142,215,571,246
4005,1288,113,206,266,508,49,530,101,543,243,480,1069,130,341,173
4006,68,6,11,14,27,3,28,5,29,13,25,53,3,9,6
4007,308,27,49,64,121,12,127,24,130,58,115,241,16,40,28
4008,514,45,82,106,203,20,211,40,217,97,192,402,26,68,47
4009,142,12,23,29,56,5,58,11,60,27,53,152,51,136,51
4010,312,28,50,65,123,12,128,24,132,59,116,244,16,41,29
4011,820,72,131,169,323,31,337,64,345,155,305,642,42,108,75
4012,0,0,0,0,0,0,0,0,0,0,0,0,0,0,0
4013,365,32,58,75,144,14,150,29,154,69,136,286,19,48,33
4014,714,63,114,148,282,27,293,56,301,135,266,559,37,94,65
4015,252,22,40,52,99,10,103,20,106,47,94,197,13,33,23
4016,0,0,0,0,0,0,0,0,0,0,0,0,0,0,0
4017,0,0,0,0,0,0,0,0,0,0,0,0,0,0,0
4018,0,0,0,0,0,0,0,0,0,0,0,0,0,0,0
4019,0,0,0,0,0,0,0,0,0,0,0,0,0,0,0
4020,0,0,0,0,0,0,0,0,0,0,0,0,0,0,0
4021,0,0,0,0,0,0,0,0,0,0,0,0,0,0,0
4022,0,0,0,0,0,0,0,0,0,0,0,0,0,0,0
4023,0,0,0,0,0,0,0,0,0,0,0,0,0,0,0
4101,0,0,0,0,0,0,0,0,0,0,0,0,0,0,0
4102,0,0,0,0,0,0,0,0,0,0,0,0,0,0,0
4103,199,46,10,20,61,5,41,0,66,36,59,98,20,0,0
4104,0,0,0,0,0,0,0,0,0,0,0,0,29,0,0
4105,0,0,0,0,0,0,0,0,0,0,0,1,0,0,0
4106,0,0,0,0,0,0,0,0,0,0,0,0,0,0,0
4107,0,0,0,0,0,0,0,0,0,0,0,0,0,0,0
4108,0,0,0,0,0,0,0,0,0,0,0,0,0,0,0
4109,0,0,0,0,0,0,0,0,0,0,0,0,0,0,0
4110,0,0,0,0,0,0,0,0,0,0,0,0,0,0,0
4111,0,0,0,0,0,0,0,0,0,0,0,0,0,0,0
4112,0,0,0,0,0,0,0,0,0,0,0,0,0,0,0
4113,0,0,0,0,0,0,0,0,0,0,0,0,0,0,0
4114,1185,273,61,122,365,30,243,0,395,213,349,577,121,0,0
4115,0,0,0,0,0,0,0,0,0,0,0,0,0,0,0
4116,3345,772,172,343,1029,86,686,0,1115,600,985,1629,343,0,0
4117,0,0,0,0,0,0,0,0,0,0,0,0,0,0,0
4118,0,0,0,0,0,0,0,0,0,0,0,0,0,0,0
4119,0,0,0,0,0,0,0,0,0,0,0,0,0,0,0
4120,0,0,0,0,0,0,0,0,0,0,0,0,0,0,0
4121,0,0,0,0,0,0,0,0,0,0,0,0,0,0,0
4122,0,0,0,0,0,0,0,0,0,0,0,0,0,0,0
4123,0,0,0,0,0,0,0,0,0,0,0,0,0,0,0
4124,0,0,0,0,0,0,0,0,0,0,0,0,0,0,0
4125,0,0,0,0,0,0,0,0,0,0,0,0,0,0,0
4126,0,0,0,0,0,0,0,0,0,0,0,0,0,0,0
4127,0,0,0,0,0,0,0,0,0,0,0,0,0,0,0
4128,0,0,0,0,0,0,0,0,0,0,0,0,0,0,0
4129,0,0,0,0,0,0,0,0,0,0,0,5,0,0,11
4130,0,0,0,0,0,0,0,0,0,0,0,0,0,0,0
4131,0,0,0,0,0,0,0,0,0,0,0,0,0,0,0
4132,0,0,0,0,0,0,0,0,0,0,0,0,0,0,0
4133,0,0,0,0,0,0,0,0,0,0,0,0,0,0,0
4134,0,0,0,0,0,0,0,0,0,0,0,1,0,0,0
4135,0,0,0,0,0,0,0,0,0,0,0,0,0,0,0
4136,0,0,0,0,0,0,0,0,0,0,0,0,0,0,0
4137,0,0,0,0,0,0,0,0,0,0,0,0,0,0,0
4138,0,0,0,0,0,0,0,0,0,0,0,0,0,0,0
4139,0,0,0,0,0,0,0,0,0,0,0,0,0,0,0
4140,0,0,0,0,0,0,0,0,0,0,0,0,0,0,0
4141,0,0,0,0,0,0,0,0,0,0,0,0,0,0,0
4142,0,0,0,0,0,0,0,0,0,0,0,1,0,0,0
4143,0,0,0,0,0,0,0,0,0,0,0,0,0,0,0
4144,0,0,0,0,0,0,0,0,0,0,0,0,0,0,0
4145,0,0,0,0,0,0,0,0,0,0,0,0,0,0,0
4146,0,0,0,0,0,0,0,0,0,0,0,0,0,0,0
4147,0,0,0,0,0,0,0,0,0,0,0,0,0,0,0
4148,0,0,0,0,0,0,0,0,0,0,0,0,0,0,0
4149,0,0,0,0,0,0,0,0,0,0,0,0,0,0,0
4150,0,0,0,0,0,0,0,0,0,0,0,0,0,0,0
4151,0,0,0,0,0,0,0,0,0,0,0,0,0,0,0
4152,0,0,0,0,0,0,0,0,0,0,0,0,0,0,0
4153,0,0,0,0,0,0,0,0,0,0,0,0,0,0,0
4154,0,0,0,0,0,0,0,0,0,0,0,0,0,0,0
4155,0,0,0,0,0,0,0,0,0,0,0,0,0,0,0
4156,0,0,0,0,0,0,0,0,0,0,0,0,0,0,0
4157,0,0,0,0,0,0,0,0,0,0,0,1,0,57,0
4158,0,0,0,0,0,0,0,0,0,0,0,0,0,0,0
4159,0,0,0,0,0,0,0,0,0,0,0,0,0,0,0
4160,0,0,0,0,0,0,0,0,0,0,0,0,0,0,0
4161,0,0,0,0,0,0,0,0,0,0,0,0,0,0,0
4162,0,0,0,0,0,0,0,0,0,0,0,0,0,0,0
4163,0,0,0,0,0,0,0,0,0,0,0,0,0,0,0
4164,0,0,0,0,0,0,0,0,0,0,0,0,0,0,0
4165,0,0,0,0,0,0,0,0,0,0,0,0,0,0,0
4201,0,0,0,0,0,0,0,0,0,0,0,121,128,344,110
4202,204,3,20,7,82,5,131,12,104,72,90,410,258,709,225
4203,135,2,14,5,54,3,86,8,69,48,60,113,4,21,6
4204,330,0,441,0,0,0,110,220,220,0,220,333,3,448,2
4205,1337,0,267,0,267,0,535,134,0,535,669,1072,3,275,2
4206,170,0,85,0,0,85,340,0,170,0,0,173,3,92,2
4207,752,0,0,0,0,0,1002,125,251,0,0,754,3,7,2
4208,292,0,0,0,0,0,0,0,0,0,146,295,3,7,2
4209,0,0,0,0,0,0,0,0,0,0,0,3,3,7,2
4210,1635,0,0,0,228,0,570,0,342,304,494,1333,3,7,2
4211,2860,106,106,213,1540,0,1648,0,1593,583,1625,2435,56,113,108
4212,1947,0,162,162,1785,162,1460,162,2596,1947,1298,1301,3,169,165
4213,535,8,53,19,214,12,342,32,273,188,236,441,8,61,16
4214,1292,61,0,0,429,0,1118,0,247,373,243,1034,63,7,2
4215,0,0,0,0,0,0,0,0,0,0,0,3,3,7,2
4216,0,0,0,0,0,0,0,0,0,0,0,3,3,7,2
4217,0,0,0,0,0,0,0,0,0,0,0,3,3,7,2
4218,0,0,0,0,0,0,0,0,0,0,0,3,3,7,2
4219,0,0,0,0,0,0,0,0,0,0,0,3,3,7,2
4301,575,42,196,0,91,0,393,0,225,49,49,576,59,196,0
4302,358,0,50,17,17,0,68,17,151,17,122,374,56,50,18
4303,727,0,291,73,0,0,727,73,145,218,436,727,0,291,73
4304,736,33,134,67,0,33,234,33,401,100,0,736,45,134,67
4305,447,0,241,0,138,0,207,0,413,34,69,449,0,241,0
4306,0,0,0,0,0,0,0,0,0,0,0,0,0,0,0
4307,0,0,0,0,0,0,0,0,0,0,0,0,0,0,0
4308,1055,0,211,106,106,0,422,0,211,317,106,845,0,211,108
4309,114,2,33,8,10,1,60,4,45,21,23,108,2,33,8
4310,0,0,0,0,0,0,0,0,0,0,0,0,0,0,0
4311,0,0,0,0,0,0,0,0,0,0,0,0,0,0,0
4312,0,0,0,0,0,0,0,0,0,0,0,1,0,0,0
4313,163,3,47,11,15,1,86,5,64,31,33,155,5,47,11
4314,0,0,0,0,0,0,0,0,0,0,0,0,0,0,0
4315,0,0,0,0,0,0,0,0,0,0,0,0,0,0,0
4316,0,0,0,0,0,0,0,0,0,0,0,0,0,0,0
4317,0,0,0,0,0,0,0,0,0,0,0,0,0,0,0
4318,0,0,0,0,0,0,0,0,0,0,0,0,0,0,0
4319,0,0,0,0,0,0,0,0,0,0,0,0,0,0,0
4320,0,0,0,0,0,0,0,0,0,0,0,0,0,0,0
4321,172,3,50,12,16,1,91,5,68,32,35,163,3,50,12
4322,0,0,0,0,0,0,0,0,0,0,0,0,1,0,0
4323,0,0,0,0,0,0,0,0,0,0,0,0,0,0,0
4324,0,0,0,0,0,0,0,0,0,0,0,0,0,0,0
4325,0,0,0,0,0,0,0,0,0,0,0,0,0,0,0
4326,0,0,0,0,0,0,0,0,0,0,0,0,0,0,0
4327,0,0,0,0,0,0,0,0,0,0,0,0,0,0,0
4328,1169,23,337,79,105,10,615,37,464,220,234,1106,23,337,79
4329,0,0,0,0,0,0,0,0,0,0,0,0,0,0,0
4330,0,0,0,0,0,0,0,0,0,0,0,0,0,0,0
4331,0,0,0,0,0,0,0,0,0,0,0,0,0,0,0
4332,0,0,0,0,0,0,0,0,0,0,0,0,0,0,0
4333,0,0,0,0,0,0,0,0,0,0,0,0,0,0,0
4334,0,0,0,0,0,0,0,0,0,0,0,0,0,0,0
4335,0,0,0,0,0,0,0,0,0,0,0,0,0,0,0
4336,0,0,0,0,0,0,0,0,0,0,0,0,0,0,0
4337,0,0,0,0,0,0,0,0,0,0,0,0,0,0,0
4338,0,0,0,0,0,0,0,0,0,0,0,0,0,0,0
4339,0,0,0,0,0,0,0,0,0,0,0,0,0,0,0
4340,0,0,0,0,0,0,0,0,0,0,0,0,0,0,0
4341,0,0,0,0,0,0,0,0,0,0,0,0,0,0,0
4342,0,0,0,0,0,0,0,0,0,0,0,0,0,0,0
4343,0,0,0,0,0,0,0,0,0,0,0,0,0,0,0
4344,0,0,0,0,0,0,0,0,0,0,0,0,0,0,0
4345,0,0,0,0,0,0,0,0,0,0,0,0,0,0,0
4346,0,0,0,0,0,0,0,0,0,0,0,0,0,0,0
4347,0,0,0,0,0,0,0,0,0,0,0,0,0,0,0
4348,0,0,0,0,0,0,0,0,0,0,0,0,0,0,0
4349,0,0,0,0,0,0,0,0,0,0,0,0,0,0,0
4350,0,0,0,0,0,0,0,0,0,0,0,0,0,0,0
4351,0,0,0,0,0,0,0,0,0,0,0,0,0,0,0
4352,0,0,0,0,0,0,0,0,0,0,0,0,0,0,0
4353,0,0,0,0,0,0,0,0,0,0,0,0,0,0,0
4354,0,0,0,0,0,0,0,0,0,0,0,0,0,0,0
4355,0,0,0,0,0,0,0,0,0,0,0,0,0,0,0
4356,0,0,0,0,0,0,0,0,0,0,0,0,0,0,0
4357,0,0,0,0,0,0,0,0,0,0,0,0,0,0,0
4358,0,0,0,0,0,0,0,0,0,0,0,0,0,0,0
4359,0,0,0,0,0,0,0,0,0,0,0,0,0,0,0
4360,0,0,0,0,0,0,0,0,0,0,0,0,0,0,0
4361,0,0,0,0,0,0,0,0,0,0,0,0,0,0,0
4362,0,0,0,0,0,0,0,0,0,0,0,0,0,0,0
4363,0,0,0,0,0,0,0,0,0,0,0,0,0,0,0
4364,0,0,0,0,0,0,0,0,0,0,0,0,0,0,0
4365,0,0,0,0,0,0,0,0,0,0,0,0,0,0,0
4366,0,0,0,0,0,0,0,0,0,0,0,0,0,0,0
4367,0,0,0,0,0,0,0,0,0,0,0,0,0,0,0
4368,0,0,0,0,0,0,0,0,0,0,0,0,0,0,0
4369,0,0,0,0,0,0,0,0,0,0,0,0,0,0,0
4401,16051,437,376,1129,2189,62,1569,499,4071,936,3813,13965,437,249,623
4402,0,0,0,0,0,0,0,0,0,0,0,18,9,0,129
4403,2470,190,48,143,428,95,48,95,665,48,808,1853,143,48,48
4404,0,0,0,0,0,0,0,0,0,0,0,0,0,0,0
4405,0,0,0,0,0,0,0,0,0,0,0,0,0,0,0
4406,0,0,0,0,0,0,0,0,0,0,0,0,0,0,0
4407,0,0,0,0,0,0,0,0,0,0,0,0,0,0,0
4408,0,0,0,0,0,0,0,0,0,0,0,0,0,0,0
4409,0,0,0,0,0,0,0,0,0,0,0,0,0,0,0
4410,165,6,4,11,23,1,14,5,42,9,41,141,5,3,6
4411,0,0,0,0,0,0,0,0,0,0,0,0,0,0,0
4412,0,0,0,0,0,0,0,0,0,0,0,0,0,0,0
4413,0,0,0,0,0,0,0,0,0,0,0,0,0,0,0
4501,0,0,0,0,0,0,0,0,0,0,0,0,0,0,0
4502,0,0,0,0,0,0,0,0,0,0,0,0,0,0,0
4503,0,0,0,0,0,0,0,0,0,0,0,0,0,0,0
4504,0,0,0,0,0,0,0,0,0,0,0,0,0,0,0
4505,0,0,0,0,0,0,0,0,0,0,0,0,0,0,0
4506,0,0,0,0,0,0,0,0,0,0,0,0,0,0,0
4507,0,0,0,0,0,0,0,0,0,0,0,0,0,0,0
4508,0,0,0,0,0,0,0,0,0,0,0,0,0,0,0
4509,0,0,0,0,0,0,0,0,0,0,0,0,0,0,0
4510,0,0,0,0,0,0,0,0,0,0,0,0,0,0,0
4511,0,0,0,0,0,0,0,0,0,0,0,0,0,0,0
4512,0,0,0,0,0,0,0,0,0,0,0,0,0,0,0
4513,0,0,0,0,0,0,0,0,0,0,0,0,0,0,0
4514,0,0,0,0,0,0,0,0,0,0,0,0,0,0,0
4515,0,0,0,0,0,0,0,0,0,0,0,0,0,0,0
4516,0,0,0,0,0,0,0,0,0,0,0,0,0,0,0
4517,0,0,0,0,0,0,0,0,0,0,0,0,0,0,0
4518,0,0,0,0,0,0,0,0,0,0,0,0,0,0,0
4519,0,0,0,0,0,0,0,0,0,0,0,0,0,0,0
4520,0,0,0,0,0,0,0,0,0,0,0,0,0,0,0
4521,0,0,0,0,0,0,0,0,0,0,0,0,0,0,0
4522,89,8,14,18,35,3,37,7,37,17,33,70,5,12,8
4523,0,0,0,0,0,0,0,0,0,0,0,1,0,0,0
4524,338,30,54,70,133,13,139,26,142,64,126,264,17,44,31
4525,256,23,41,53,101,10,105,20,108,48,95,201,13,34,23
4526,0,0,0,0,0,0,0,0,0,0,0,0,0,0,0
4527,0,0,0,0,0,0,0,0,0,0,0,0,0,0,0
4528,0,0,0,0,0,0,0,0,0,0,0,0,0,0,0
4529,0,0,0,0,0,0,0,0,0,0,0,0,0,0,0
4530,0,0,0,0,0,0,0,0,0,0,0,0,0,0,0
4531,0,0,0,0,0,0,0,0,0,0,0,0,0,0,0
4532,0,0,0,0,0,0,0,0,0,0,0,0,0,0,0
4533,0,0,0,0,0,0,0,0,0,0,0,0,0,0,0
4534,0,0,0,0,0,0,0,0,0,0,0,0,0,0,0
4535,0,0,0,0,0,0,0,0,0,0,0,0,0,0,0
4536,0,0,0,0,0,0,0,0,0,0,0,0,0,0,0
4537,148,13,24,31,58,6,61,12,62,28,55,116,8,19,14
4538,0,0,0,0,0,0,0,0,0,0,0,0,0,0,0
4539,0,0,0,0,0,0,0,0,0,0,0,0,0,0,0
4601,0,0,0,0,0,0,0,0,0,0,0,0,0,0,0
4602,0,0,0,0,0,0,0,0,0,0,0,0,0,0,0
4603,0,0,0,0,0,0,0,0,0,0,0,0,0,0,0
4604,0,0,0,0,0,0,0,0,0,0,0,0,0,0,0
4605,0,0,0,0,0,0,0,0,0,0,0,0,0,0,0
4606,0,0,0,0,0,0,0,0,0,0,0,0,0,0,7
4607,0,0,0,0,0,0,0,0,0,0,0,0,0,0,0
4608,0,0,0,0,0,0,0,0,0,0,0,0,0,0,0
4609,0,0,0,0,0,0,0,0,0,0,0,0,0,0,0
4610,0,0,0,0,0,0,0,0,0,0,0,0,0,0,0
4611,0,0,0,0,0,0,0,0,0,0,0,0,0,0,0
4612,0,0,0,0,0,0,0,0,0,0,0,0,0,0,0
4613,0,0,0,0,0,0,0,0,0,0,0,0,0,0,0
4614,0,0,0,0,0,0,0,0,0,0,0,0,0,0,0
4615,0,0,0,0,0,0,0,0,0,0,0,0,0,0,0
4616,0,0,0,0,0,0,0,0,0,0,0,0,0,0,0
4617,0,0,0,0,0,0,0,0,0,0,0,0,0,0,0
4618,0,0,0,0,0,0,0,0,0,0,0,0,0,0,0
4619,0,0,0,0,0,0,0,0,0,0,0,0,0,0,0
4701,718,63,115,148,283,27,295,56,302,135,267,562,37,94,75
4702,1037,91,166,214,409,40,426,81,437,196,387,817,54,136,125
4703,1352,119,216,279,533,52,556,106,570,255,504,1148,90,183,124
4801,1293,114,207,267,510,49,532,101,545,244,482,1013,66,170,118
4802,0,0,0,0,0,0,0,0,0,0,0,2,0,0,0
4901,0,0,0,0,0,0,0,0,0,0,0,7,9,0,0
5001,532,0,60,39,108,0,20,0,0,79,50,443,0,0,29
5002,2778,0,313,206,566,0,102,0,0,411,260,2310,39,0,154
5003,8258,1054,676,3409,6164,467,2466,419,4733,1928,3020,4649,152,305,808
5004,3949,504,323,1630,2948,224,1180,201,2263,922,1444,2224,72,146,387
5005,394,53,22,133,261,28,101,39,191,83,161,233,17,8,33
5006,1150,223,51,457,758,111,388,94,820,292,662,568,67,17,84
5007,1342,260,60,533,884,129,453,110,958,340,773,664,78,20,98
5008,2849,331,82,1281,2083,335,475,166,1387,781,916,1513,108,54,134
5009,1375,160,39,619,1006,162,230,80,670,377,442,727,52,26,65
5010,1184,230,53,470,780,114,399,97,845,300,682,585,69,17,86
5011,2094,406,94,832,1380,202,706,171,1494,531,1206,1035,123,30,152
5012,1144,222,51,454,754,110,386,93,816,290,659,565,67,17,83
5013,1024,199,46,407,675,99,345,84,731,260,590,506,60,15,74
5014,437,51,13,197,320,51,73,25,213,120,141,231,17,8,21
5015,2385,277,68,1072,1743,280,398,139,1161,654,767,1261,90,45,113
5016,1352,157,39,608,989,159,226,79,658,371,435,715,51,26,64
5017,1524,296,68,605,1004,147,514,124,1087,386,878,754,89,22,111
5018,1289,250,58,512,849,124,435,105,920,327,742,637,75,19,94
5019,194,26,11,65,129,14,50,19,94,41,79,117,84,5,18
5020,1336,191,83,299,1718,191,274,598,490,274,1074,1006,108,0,299
5021,1554,222,96,348,1998,222,318,696,570,318,1249,1170,126,0,348
5022,1837,262,114,411,2361,262,376,822,674,376,1476,1384,149,0,423
5023,0,0,0,0,0,0,0,0,0,0,0,0,0,0,0
5024,0,0,0,0,0,0,0,0,0,0,0,0,0,0,0
5025,1806,253,28,368,395,0,563,167,588,140,485,1579,139,28,83
5026,1080,151,17,220,236,0,337,100,352,84,290,944,83,17,50
5027,242,33,14,65,139,7,65,17,96,39,73,90,11,7,16
5028,524,72,31,141,300,15,142,36,207,83,158,197,23,14,34
5029,642,88,37,173,368,19,174,45,254,102,194,238,28,18,42
5030,770,105,45,208,442,23,208,53,304,123,232,285,34,21,51
5031,17,2,1,4,22,2,3,8,6,3,13,36,17,0,11
5032,1490,208,23,303,326,0,465,138,485,116,400,1312,115,23,69
5033,552,77,8,112,121,0,172,51,180,43,148,490,53,8,25
5034,764,107,12,155,167,0,238,71,249,59,205,668,59,19,35
5035,249,34,15,67,143,7,67,17,98,40,75,92,11,7,16
5036,688,94,40,186,395,20,186,48,272,110,208,254,30,19,45
5037,202,28,12,54,116,6,55,14,80,32,61,75,23,6,13
5038,1309,179,76,353,751,39,354,91,518,208,395,484,57,36,86
5039,762,104,44,206,437,22,206,53,301,121,230,282,33,21,50
5101,0,0,0,0,0,0,0,0,0,0,0,2062,638,1,0
5102,630,31,138,0,81,0,176,54,131,126,61,970,197,357,61
5103,0,0,0,0,0,0,0,0,0,0,0,1309,353,62,54
5104,326,16,72,0,42,0,91,28,68,65,32,1582,127,72,0
5105,247,12,54,0,32,0,69,21,51,49,24,659,264,54,5
5106,158,8,35,0,20,0,44,14,33,31,15,231,36,166,64
5107,762,94,0,0,47,0,89,131,224,174,78,1105,217,158,71
5108,195,31,80,0,58,0,261,88,84,111,80,762,158,540,148
5109,1183,0,273,0,182,0,364,0,182,182,91,1322,88,287,65
5110,589,29,129,0,76,0,165,51,123,117,57,1283,150,182,89
5111,1414,69,310,0,181,0,395,121,294,282,138,1373,58,341,1
5112,581,28,127,0,74,0,162,50,121,116,57,1144,206,170,222
5113,693,34,152,0,89,0,194,59,144,138,68,1004,466,152,0
5114,218,11,48,0,28,0,61,19,45,43,21,205,8,64,0
5115,0,0,0,0,0,0,0,0,0,0,0,1261,234,0,141
5116,493,24,108,0,63,0,138,42,103,98,48,2391,610,175,35
5117,414,0,207,0,41,0,0,0,41,41,0,1323,103,233,19
5118,348,17,76,0,45,0,97,30,72,69,34,1821,363,95,54
5201,0,0,0,0,0,0,0,11,0,0,0,205,133,3928,876
5202,1319,72,183,120,218,22,706,257,437,213,416,1348,309,734,289
5203,1523,117,352,293,175,0,1473,468,471,234,772,1573,381,812,270
5204,1649,115,230,0,57,0,454,224,391,376,209,1668,135,230,0
5205,225,12,31,21,37,4,120,44,74,36,71,260,103,58,27
5206,550,46,0,46,229,0,458,0,367,46,229,581,110,439,93
5207,1377,0,126,126,379,84,342,291,459,168,399,1319,227,324,339
5208,342,19,47,31,56,6,183,67,113,55,108,329,19,47,27
5209,0,0,0,0,0,0,0,0,0,0,0,51,1,1150,59
5210,0,0,0,0,0,0,0,0,0,0,0,8,0,335,86
5211,217,12,30,20,36,4,116,42,72,35,68,233,24,37,45
5301,844,0,674,96,48,24,338,97,314,145,406,858,38,674,43
5302,1484,65,1097,0,65,0,775,387,323,323,0,1376,98,1097,2
5303,764,95,794,0,143,0,719,95,244,334,392,743,261,745,6
5304,1225,0,560,0,0,0,355,39,437,82,333,1159,18,577,1
5305,545,34,545,204,0,0,443,68,170,170,204,550,43,545,205
5401,2239,0,269,0,134,90,269,358,403,179,403,2172,218,277,27
5402,1204,0,0,0,0,0,0,1032,688,0,172,1208,33,0,2
5403,2315,0,276,69,70,0,449,276,484,138,492,2346,164,285,72
5404,1405,48,390,0,172,0,879,74,501,315,376,1377,237,367,20
5405,1371,15,198,10,94,13,321,276,370,131,254,1324,53,197,10
5406,1671,56,220,0,221,0,500,55,277,220,164,1541,316,221,2
5407,448,0,187,0,37,0,75,75,149,37,112,449,0,187,0
5408,0,0,0,0,0,0,0,0,0,0,0,12,4,0,0
5409,0,0,0,0,0,0,0,0,0,0,0,1,0,0,0
5501,208,0,208,0,0,0,0,208,0,69,0,211,0,208,0
5502,341,114,114,0,114,0,341,0,0,0,227,232,114,114,0
5503,438,0,55,55,55,0,109,0,55,0,55,336,1,55,55
5504,0,0,0,0,0,0,0,0,0,0,0,31,9,285,58
5505,311,0,253,0,0,0,107,160,0,49,0,312,2,253,0
5506,0,0,0,0,0,0,0,0,0,0,0,24,2,941,96
5507,2174,56,615,55,445,0,951,0,281,443,1255,1794,65,506,0
5508,476,95,32,159,95,0,571,0,444,190,254,1249,2160,38,224
5509,474,0,271,0,0,0,271,0,0,158,271,482,0,272,0
5510,201,0,55,0,0,0,0,0,91,18,73,201,0,55,0
5511,0,0,0,0,0,0,0,0,0,0,0,66,5,198,5
5512,279,279,0,0,0,0,0,0,0,279,0,279,279,0,0
5513,852,243,122,122,487,0,403,0,608,122,986,875,306,137,167
5514,913,93,217,88,214,27,390,59,329,158,317,798,118,205,79
5515,189,19,45,18,44,6,81,12,68,33,66,165,31,42,15
5516,934,108,108,287,36,0,72,0,395,144,646,829,122,133,180
5517,0,0,0,0,0,0,0,0,0,0,0,44,6,424,111
5518,534,0,0,0,0,0,534,0,0,0,0,268,0,0,0
5519,447,45,106,43,105,13,191,29,161,77,155,393,178,100,42
5520,710,0,216,68,0,23,163,52,407,69,216,716,0,216,68
5521,0,0,0,0,0,0,0,0,0,0,0,23,100,267,4
5522,0,0,0,0,0,0,0,0,0,0,0,54,51,2042,114
5523,7,1,2,1,2,0,3,0,3,1,2,60,44,1520,191
5524,0,0,0,0,0,0,0,0,0,0,0,6,119,4,0
5525,1520,0,84,0,294,0,57,57,265,168,181,1520,0,84,0
5526,0,0,0,0,0,0,0,0,0,0,0,67,12,2552,317
5527,201,20,48,19,47,6,86,13,73,35,70,176,16,45,16
5528,217,0,62,0,31,0,31,0,0,31,155,186,0,62,0
5529,328,0,0,0,0,0,0,0,0,94,141,328,0,0,0
5530,588,0,282,254,65,0,432,33,196,179,65,588,0,282,221
5531,0,0,0,0,0,0,0,0,0,0,0,4,11,0,2
5532,0,0,0,0,0,0,0,0,0,0,0,7,0,0,0
5533,114,12,27,11,27,3,49,7,41,20,40,99,72,26,10
5534,188,19,45,18,44,6,80,12,68,32,65,173,78,42,15
5535,122,0,61,31,31,0,122,0,0,31,0,123,0,61,31
5536,125,13,30,12,29,4,53,8,45,22,43,109,10,28,10
5537,114,12,27,11,27,3,48,7,41,20,39,102,15,26,10
5538,0,0,0,0,0,0,0,0,0,0,0,1,0,0,0
5539,188,0,83,28,0,0,368,0,0,25,28,170,83,83,28
5540,101,0,0,0,101,202,0,0,0,0,0,101,0,0,0
5541,124,13,29,12,29,4,53,8,45,21,43,125,13,28,10
5542,402,41,96,39,94,12,172,26,145,69,140,358,33,90,39
5543,1340,134,134,134,536,0,737,67,670,335,134,1079,164,134,140
5544,1182,51,51,103,308,0,360,0,308,103,308,1081,54,51,103
5545,0,0,0,0,0,0,0,0,0,0,0,7,281,9,122
5546,338,0,39,0,39,0,77,0,116,266,135,271,0,39,0
5547,418,42,99,40,98,12,178,27,151,72,145,365,91,94,63
5548,0,0,0,0,0,0,0,0,0,0,0,36,5,55,158
5549,0,0,0,0,0,0,0,0,0,0,0,109,0,37,84
5550,0,0,0,0,0,0,0,0,0,0,0,72,2,239,153
5551,494,165,1152,0,494,165,1810,165,494,0,329,497,165,1152,8
5552,683,62,124,62,186,0,0,0,62,62,248,621,62,0,0
5553,0,0,0,0,0,0,0,0,0,0,0,22,0,547,65
5554,0,0,0,0,0,0,0,0,0,0,0,15,2,831,315
5555,0,0,0,0,0,0,0,0,0,0,0,11,3,537,87
5556,0,0,0,0,0,0,0,0,0,0,0,33,5,261,134
5557,0,0,0,0,0,0,0,0,0,0,0,2,5,0,12
5558,0,0,0,0,0,0,0,0,0,0,0,0,0,0,0
5559,0,0,0,0,0,0,0,0,0,0,0,0,0,0,0
5560,0,0,0,0,0,0,0,0,0,0,0,0,0,78,0
5561,2579,480,67,337,815,136,0,406,1962,204,415,1818,135,67,337
5562,0,0,0,0,0,0,0,0,0,0,0,144,33,83,34
5563,0,0,0,0,0,0,0,0,0,0,0,3,0,27,0
5564,0,0,0,0,0,0,0,0,0,0,0,0,0,0,0
5565,0,0,0,0,0,0,0,0,0,0,0,0,0,0,0
5601,684,123,122,0,74,0,345,195,439,50,149,685,123,122,2
5602,851,0,760,0,95,0,332,331,617,142,96,881,2,718,3
5603,848,0,707,141,0,0,1131,0,0,141,1131,931,110,707,143
5604,1236,128,103,179,26,25,232,128,742,77,105,1240,138,123,183
5605,128,14,25,12,33,2,57,14,62,19,41,771,61,24,8
5606,79,8,16,7,20,1,35,9,39,12,25,220,8,1598,217
5607,0,0,0,0,0,0,0,0,0,0,0,113,28,985,157
5608,560,60,109,51,143,10,248,61,272,85,179,601,164,683,232
5609,1706,0,66,0,192,0,132,66,662,262,378,1722,64,580,110
5610,187,0,0,187,562,94,656,0,187,187,187,127,36,707,158
5611,2932,269,314,92,863,45,1038,90,1085,406,722,2565,285,402,48
5612,3061,935,207,672,1291,52,1292,521,1760,571,1248,2701,733,103,413
5613,204,22,40,18,52,3,90,22,99,31,65,193,19,105,68
5614,258,27,50,23,66,4,114,28,125,39,82,240,24,48,15
5615,0,0,0,0,0,0,0,0,0,0,0,0,0,0,0
5616,0,0,0,0,0,0,0,0,0,0,0,0,0,0,0
5617,102,11,20,9,26,2,45,11,50,15,32,117,19,19,95
5618,247,26,48,22,63,4,109,27,120,37,79,357,92,2695,261
5619,256,27,50,23,65,4,113,28,124,39,82,253,24,47,14
5620,1034,0,49,49,49,0,197,98,492,0,98,1065,1,132,53
5621,702,0,383,0,64,0,0,128,319,191,128,702,0,383,1
5622,566,60,111,51,144,10,250,62,275,86,181,537,52,105,33
5623,194,21,38,17,49,3,86,21,94,29,62,267,18,36,11
5624,167,18,33,15,43,3,74,18,81,25,53,211,15,31,9
5625,0,0,0,0,0,0,0,0,0,0,0,0,0,0,0
5626,578,62,113,52,147,10,255,63,281,88,185,544,59,107,50
5627,694,74,136,63,177,12,307,76,338,105,222,705,76,252,60
5628,1369,104,144,0,502,35,1100,35,802,185,421,1387,115,146,0
5701,1507,251,0,0,0,251,0,0,251,251,251,1541,293,8,0
5702,564,106,71,212,141,0,71,353,141,0,141,685,130,198,249
5703,483,0,207,0,0,0,207,138,69,207,0,528,29,210,4
5704,1128,0,338,0,0,0,113,1804,226,113,113,1199,133,338,2
5705,425,28,119,26,24,12,230,224,122,81,101,461,26,114,26
5706,526,30,0,0,39,0,0,196,253,0,39,526,30,0,1
5707,177,0,0,89,0,0,887,266,0,177,355,197,20,0,99
5708,177,12,49,11,10,5,96,93,51,34,42,354,42,330,43
5709,144,9,40,9,8,4,78,76,41,28,34,142,9,39,9
5710,516,79,357,159,0,0,397,40,159,119,79,534,119,364,160
5711,463,56,174,0,28,0,212,28,316,58,303,469,56,174,2
5712,821,49,49,0,0,0,359,99,202,0,197,838,4,49,0
5713,551,0,294,74,0,0,625,110,147,221,147,578,11,294,74
5714,506,0,0,0,0,0,281,1181,0,56,56,599,87,5,4
5715,543,42,386,0,0,38,372,115,239,269,167,525,48,386,3
5716,381,0,172,0,0,0,458,114,0,19,229,531,42,208,16
5717,281,0,281,0,281,0,1123,281,0,281,94,365,117,827,121
5718,264,0,200,32,0,0,158,100,155,71,64,265,0,200,33
5719,214,14,60,13,12,6,116,113,61,41,51,242,39,57,15
5720,283,16,0,0,21,0,0,105,136,0,21,283,16,0,0
5721,200,11,0,0,15,0,0,75,96,0,15,203,11,7,0
5722,373,21,0,0,27,0,0,139,179,0,27,385,35,0,0
5723,224,13,0,0,16,0,0,84,108,0,16,224,13,0,0
5724,320,0,242,39,0,0,192,121,188,86,78,320,0,242,39
5725,104,0,79,13,0,0,62,39,61,28,25,106,0,79,13
5801,377,0,274,0,34,0,343,69,171,103,0,378,0,274,0
5802,211,0,70,0,0,0,281,0,0,70,79,216,120,70,0
5803,191,109,164,0,0,0,109,55,27,82,0,196,114,164,0
5804,0,0,727,0,0,0,727,0,0,0,0,0,4,727,0
5805,0,0,0,0,0,0,0,0,0,0,0,1,2,0,0
5806,67,0,111,0,0,0,178,0,0,0,0,74,15,111,0
5901,308,0,88,22,0,0,66,0,88,0,88,310,27,88,35
5902,540,26,33,0,53,0,142,0,300,53,33,541,32,33,0
5903,399,0,185,0,18,0,156,18,290,80,91,413,14,185,0
5904,576,0,200,0,29,0,235,107,265,0,64,577,6,200,0
5905,1434,174,342,0,0,0,938,0,327,223,218,1434,174,342,0
5906,886,0,100,0,96,0,0,0,187,158,146,886,0,100,0
5907,589,0,181,0,0,0,227,0,227,91,45,589,28,181,0
5908,827,0,244,0,0,0,79,159,584,249,79,750,156,244,0
5909,0,0,0,0,0,0,0,0,0,0,0,1,194,0,0
5910,0,0,0,0,0,0,0,0,0,0,0,2,3,0,0
5911,0,0,0,0,0,0,0,0,0,0,0,0,0,0,0
5912,0,0,0,0,0,0,0,0,0,0,0,0,0,0,0
5913,0,0,0,0,0,0,0,0,0,0,0,0,0,0,0
5914,297,0,0,19,19,0,37,19,74,19,19,297,0,0,19
5915,0,0,0,0,0,0,0,0,0,0,0,0,0,0,0
5916,0,0,0,0,0,0,0,0,0,0,0,0,0,0,0
5917,0,0,0,0,0,0,0,0,0,0,0,0,0,0,0
5918,430,0,93,25,59,0,152,0,127,76,76,405,89,93,0
5919,0,0,0,0,0,0,0,0,0,0,0,0,0,0,0
5920,0,0,0,0,0,0,0,0,0,0,0,0,0,0,0
5921,0,0,0,0,0,0,0,0,0,0,0,0,0,0,0
5922,0,0,0,0,0,0,0,0,0,0,0,0,0,0,0
5923,222,9,64,7,13,3,74,19,82,34,41,218,99,62,8
5924,0,0,0,0,0,0,0,0,0,0,0,0,0,0,0
5925,0,0,0,0,0,0,0,0,0,0,0,0,0,0,0
5926,0,0,0,0,0,0,0,0,0,0,0,0,0,0,0
5927,0,0,0,0,0,0,0,0,0,0,0,0,0,0,0
5928,0,0,0,0,0,0,0,0,0,0,0,0,0,0,0
5929,0,0,0,0,0,0,0,0,0,0,0,0,0,0,0
5930,0,0,0,0,0,0,0,0,0,0,0,0,0,0,0
5931,1032,76,430,76,48,0,226,110,297,48,53,1054,163,430,77
5932,566,50,250,0,0,0,146,99,151,75,24,599,60,250,0
5933,152,6,44,5,9,2,50,13,56,23,28,146,226,43,8
5934,128,71,170,0,0,0,199,0,114,0,0,142,78,57,0
5935,243,0,291,0,97,0,291,49,49,146,97,195,1,291,0
5936,471,35,0,0,35,35,71,71,24,71,71,471,44,0,0
5937,590,29,168,0,28,0,113,114,366,86,28,480,51,168,0
5938,237,32,61,0,29,0,158,29,58,29,86,289,101,61,0
5939,339,0,145,0,24,0,0,0,194,48,0,340,1,145,1
5940,206,0,0,0,0,23,23,23,46,46,0,209,0,0,0
5941,269,0,269,0,0,0,101,67,101,0,0,270,0,269,0
5942,496,0,148,0,103,46,154,51,439,51,0,497,7,148,0
5943,490,73,336,109,0,0,109,0,272,136,218,494,77,336,109
5944,474,0,53,53,53,0,105,0,263,0,53,474,0,53,53
5945,1113,187,312,146,0,146,250,0,281,62,187,968,189,314,0
5946,354,0,71,0,55,0,27,27,193,102,119,354,0,47,0
5947,1086,0,156,27,0,27,31,187,331,183,218,844,0,156,0
5948,385,55,55,0,0,0,0,0,330,0,55,386,55,55,0
5949,574,0,41,41,61,0,202,20,175,57,218,582,0,41,41
5950,349,0,91,0,48,0,131,0,0,0,48,352,2,91,0
5951,202,0,135,0,0,0,135,202,67,0,135,204,1,135,0
5952,246,0,0,41,0,41,205,0,82,82,205,252,0,0,41
5953,400,25,50,0,50,0,25,75,125,0,100,400,26,50,0
5954,682,0,97,0,97,0,243,49,146,0,49,683,0,97,0
5955,167,24,96,0,0,0,24,72,24,0,48,167,24,96,0
5956,384,0,96,48,48,0,144,0,144,0,48,337,2,96,48
5957,690,0,0,41,41,0,122,41,122,0,203,691,22,0,43
5958,616,0,273,0,94,0,155,52,367,52,42,616,1,273,0
5959,678,0,235,0,53,27,239,52,314,131,103,629,13,235,0
5960,567,0,0,0,0,0,189,95,0,95,95,568,0,0,1
5961,547,55,0,0,27,0,82,0,27,109,27,547,27,0,0
5962,690,31,217,0,33,0,156,123,340,181,62,690,33,217,0
5963,0,0,0,0,0,0,0,0,0,0,0,0,0,0,0
5964,48,0,15,0,4,0,0,0,18,11,15,49,53,15,0
5965,241,0,18,0,0,0,156,53,67,67,53,213,0,18,0
5966,461,19,132,15,26,6,153,39,170,71,84,443,18,129,9
5967,645,42,104,0,0,0,312,0,229,42,166,645,42,104,0
5968,155,0,69,0,0,0,17,0,121,0,0,177,2,69,0
5969,174,17,17,0,35,0,0,0,122,17,35,142,46,17,4
5970,1031,0,121,0,0,0,364,121,182,243,121,971,0,121,0
5971,294,0,326,65,65,0,326,0,0,163,163,281,0,326,33
5972,532,22,152,18,30,7,176,45,196,82,97,511,21,149,10
5973,117,0,586,117,0,0,937,0,234,469,351,123,28,586,0
5974,463,0,120,0,13,0,0,26,218,51,170,464,0,120,0
5975,0,0,0,0,0,0,0,0,0,0,0,23,0,0,0
5976,0,0,0,0,0,0,0,0,0,0,0,1,0,0,0
5977,0,0,0,0,0,0,0,0,0,0,0,0,0,0,0
5978,0,0,0,0,0,0,0,0,0,0,0,0,0,0,0
5979,0,0,0,0,0,0,0,0,0,0,0,0,0,0,0
5980,0,0,0,0,0,0,0,0,0,0,0,0,0,0,0
5981,0,0,0,0,0,0,0,0,0,0,0,0,0,0,0
5982,0,0,0,0,0,0,0,0,0,0,0,0,0,0,0
5983,0,0,0,0,0,0,0,0,0,0,0,0,0,0,0
5984,0,0,0,0,0,0,0,0,0,0,0,1,0,0,0
5985,0,0,0,0,0,0,0,0,0,0,0,0,0,0,0
5986,0,0,0,0,0,0,0,0,0,0,0,0,0,0,0
5987,0,0,0,0,0,0,0,0,0,0,0,0,0,0,0
5988,0,0,0,0,0,0,0,0,0,0,0,0,0,0,0
5989,0,0,0,0,0,0,0,0,0,0,0,0,0,0,0
9000,0,0,0,0,0,0,0,0,0,0,0,0,0,0,0
9001,0,0,0,0,0,0,0,0,0,0,0,0,0,0,0
9002,0,0,0,0,0,0,0,0,0,0,0,0,0,0,0
9003,0,0,0,0,0,0,0,0,0,0,0,0,0,0,0
9004,0,0,0,0,0,0,0,0,0,0,0,0,0,0,0
9005,0,0,0,0,0,0,0,0,0,0,0,0,0,0,0
9006,0,0,0,0,0,0,0,0,0,0,0,0,0,0,0
9007,0,0,0,0,0,0,0,0,0,0,0,0,0,0,0
