TZ2013,Black_African_%,White_%,Coloured_%,Indian_or_Asian_%,Other_%
1001,15.6,65.4,15.8,1.5,1.7
1002,10.8,69.7,16.5,1.4,1.6
1003,7.8,71.2,13.7,5.2,2.1
1004,8.6,68.7,15.5,4.9,2.2
1005,8,70.7,13.9,5.2,2.1
1006,8.3,70.4,14.2,5.1,2.1
1007,22.9,45.5,29.5,1.1,1.1
1008,39.4,33,24.8,1.1,1.7
1009,36.8,33.9,26.9,0.9,1.5
1010,25.1,41.5,31.3,1,1
1011,27.7,40.8,29,1.3,1.2
1012,12,66.9,18.5,1.2,1.4
1013,8.8,72,16.1,1.6,1.5
1014,8,70.9,14.1,4.9,2.1
1015,23.8,54.2,18,1.9,2
1016,9,70.9,16.8,1.8,1.6
1017,9.8,68.2,15.4,4.3,2.3
1018,25.7,40.9,31.3,1,1
1019,27.6,39.6,30.7,1,1.1
1020,29,38.7,30.1,1,1.2
1021,26.2,40.4,31.4,1,1
1022,39.4,32.3,25.9,0.8,1.6
1023,26.2,40.4,31.4,1,1
1024,13.6,62.6,20.5,1.5,1.7
1025,10,67.3,16,4.7,2
1026,18.9,52,25.2,2.6,1.4
1101,15.9,23.4,55.1,2.1,3.7
1102,19.2,20.3,54.4,1.5,4.6
1103,18.9,20.3,54.7,1.5,4.6
1104,18,18.2,57.6,1.9,4.3
1105,13.2,16.7,64.6,2.5,3.1
1106,15,24.5,54.9,2.4,3.2
1107,5.8,10.2,81.9,0.7,1.5
1108,6.5,10.9,80.3,0.8,1.5
1109,15.6,34.9,44,3.1,2.5
1110,17.6,41.3,34.6,3.7,2.8
1111,15.3,29,50.1,2.3,3.3
1112,14.4,56.2,24.3,2.2,2.8
1113,14.1,55.2,25.8,2.3,2.7
1114,10,64.7,18.4,4.7,2.3
1115,17,42.3,34.4,3.7,2.7
1116,8.4,69.2,15.2,5.1,2.2
1117,17,44,32.5,3.8,2.7
1118,14.6,27.8,51.9,2.4,3.3
1119,14.9,39.5,40.3,2.3,3
1120,13.9,62.5,18.8,2.3,2.5
1121,15,54.9,25.1,2.1,2.9
1122,17.8,31.3,45.1,1.7,4
1123,19.1,22.8,52.1,1.5,4.5
1124,14,17.4,62.6,2.6,3.4
1125,12.9,16.6,65.6,1.9,3
1126,8,13.5,75.5,1.1,1.9
1127,7.7,12.5,77.2,0.9,1.6
1128,17.3,39.8,36.7,3.5,2.7
1129,10,64.2,22,2.1,1.7
1201,5.7,9.9,82.4,0.7,1.5
1202,31.7,33.9,28.4,3.3,2.7
1355,13.4,0.2,85.2,0.5,0.7
1356,13.5,0.2,85.1,0.5,0.7
1357,34.2,0.5,64,0.5,0.8
1358,30.7,0.4,67.5,0.5,0.8
1359,47.5,0.6,50.4,0.6,0.9
1360,37.8,0.5,60.2,0.6,0.9
1361,13.2,0.2,85.4,0.5,0.7
1362,3.4,0.4,90,4,2.2
1363,6.5,0.4,70.4,18.9,3.8
3065,2.6,0.1,96.2,0.4,0.6
3066,7.9,0.2,89.2,1,1.7
3067,5.1,0.2,92,1,1.7
3068,6.4,0.2,90.6,1,1.8
3069,6.9,0.3,90.1,1,1.7
3070,22.8,0.3,75.7,0.5,0.7
3071,33.6,0.2,64.5,0.6,1.1
3072,34.6,0.3,64.1,0.4,0.7
3073,37.8,0.3,60.7,0.4,0.8
4334,89.8,1.1,5.1,0.1,3.9
4335,22,5.1,70.5,0.5,1.8
4336,19.7,5.5,72.6,0.5,1.8
1203,91.9,3.6,3.4,0.4,0.6
1204,6.3,2.4,89.7,0.5,1.2
1205,10.7,0.3,86.4,0.5,2.2
1206,16.6,0.1,81.5,0.5,1.3
1207,73.2,0.5,25.3,0.4,0.6
1208,77.3,9.3,11.3,1,1
1209,28.5,24.6,42,2.7,2.2
1210,34.9,33.3,25.8,3.2,2.7
1211,5.9,9.5,82.5,0.6,1.5
1301,5,0.2,88.1,5,1.6
1302,7.5,0.2,89.8,1.4,1.2
1303,8.2,0.4,59.4,27.3,4.7
1304,8.3,0.4,58.8,27.8,4.7
1305,6.7,0.3,69.3,19.9,3.9
1306,2.4,0.1,96.4,0.5,0.7
1307,6,1,89.7,1.9,1.5
1308,19.7,0.3,78.7,0.5,0.7
1309,3.7,1,89,3.7,2.5
1310,8.2,0.4,59.5,27.2,4.7
1311,8.4,0.4,58.6,27.9,4.7
1312,8.3,0.4,58.9,27.8,4.7
1313,5.3,0.3,83.8,8.5,2.1
1314,8.6,0.2,88.3,1.6,1.3
1315,3.8,0.3,87.5,6,2.4
1316,3.1,0.2,92.1,2.8,1.8
1317,6.8,1,89.4,1.6,1.2
1318,7.2,0.3,65.5,22.7,4.2
1319,6.3,0.3,71.7,18,3.7
1320,8.2,0.4,59.5,27.3,4.6
1321,8.2,0.4,60.2,26.7,4.6
1322,8.1,0.4,60.6,26.4,4.5
1323,7.1,0.3,68.9,20,3.7
1324,5.5,0.3,76.8,14.3,3.2
1325,2.9,0.2,93.2,2.1,1.6
1326,2.7,0.2,94.5,1.5,1.2
1327,2.6,0.1,95,1.2,1.1
1328,2.6,0.1,95.2,1.1,1
1329,2.5,0.1,95.9,0.7,0.8
1330,2.4,0.1,96.4,0.4,0.6
1331,2.5,0.1,95.9,0.7,0.8
1332,2.4,0.1,96.3,0.5,0.7
1333,2.4,0.1,96.4,0.5,0.7
1334,3.7,0.1,95.1,0.4,0.6
1335,4.1,0.1,94.7,0.4,0.6
1336,2.4,0.1,96.1,0.6,0.7
1337,2.4,0.1,96.4,0.5,0.7
1338,2.5,0.1,95.9,0.7,0.8
1339,2.4,0.1,96.4,0.5,0.7
1340,2.4,0.1,96.1,0.6,0.8
1341,3.5,0.1,95.3,0.4,0.6
1342,4.1,0.1,94.7,0.4,0.7
1343,42.3,0.6,55.6,0.6,0.9
1344,10.1,0.2,88.6,0.5,0.7
1345,2.4,0.1,96.4,0.5,0.7
1346,2.4,0.1,96.1,0.6,0.7
1347,2.8,0.2,93.6,1.9,1.5
1348,2.8,0.3,94.1,1.5,1.3
1349,2.5,0.1,95.4,1,1
1350,2.4,0.1,96.4,0.4,0.7
1351,23.4,1,73,1.3,1.3
1352,10.3,0.2,88.4,0.5,0.7
1353,13.3,0.2,85.3,0.5,0.7
1354,12.9,0.2,85.8,0.5,0.7
1364,8.3,0.5,58.8,27.6,4.8
1365,8.4,0.4,58.4,28.1,4.7
1366,8.3,0.4,59.2,27.5,4.7
1367,8.4,0.4,58.4,28.1,4.7
1368,8.1,0.4,60.1,26.8,4.6
1369,8.3,0.4,58.9,27.8,4.7
1370,8.3,0.4,59,27.7,4.7
1371,4.1,0.3,85.8,7.3,2.5
1372,3,0.2,92.3,2.7,1.8
1373,3.2,0.2,91.6,2.9,2
1401,9,9.1,64.4,10.8,6.7
1402,4.9,1.5,88.6,2.9,2.1
1403,5.1,1.2,87.1,4.3,2.3
1404,10.4,14.3,55.5,13.2,6.6
1405,12.8,26.5,44.7,9.6,6.4
1516,19.3,62.2,10.1,5,3.5
1517,19.7,61.9,9.3,5.4,3.6
1518,19.5,62,9.8,5.2,3.6
1519,19.4,62.1,9.9,5.1,3.5
1704,43,35.4,17.6,0.6,3.3
1705,43,35.5,17.6,0.6,3.3
1706,42.6,35.9,17.6,0.7,3.3
1707,42.9,35.6,17.6,0.6,3.3
1708,43,35.4,17.6,0.6,3.3
1709,43,35.5,17.6,0.6,3.3
1710,42.8,35.6,17.6,0.6,3.3
1711,42.4,36.2,17.4,0.7,3.3
1712,42.4,36,17.6,0.7,3.3
2345,79.8,1,17.4,0.7,1.1
2401,9.3,8.7,71.8,3.5,6.6
2402,10.2,9.4,69,4.3,7.1
2403,10.5,9.4,68.4,4.6,7.1
2404,3.4,0.9,91.2,1,3.5
2405,16.6,0.4,78.5,1.4,3
2406,5.3,0.4,90.5,1.1,2.7
2407,6.9,0.8,89.2,1.4,1.8
2408,34.3,0.7,57.7,3.6,3.6
2409,34.6,0.7,57.2,3.8,3.7
2410,29.7,0.7,61.5,4.2,4
2411,28.9,0.7,62.4,4.1,3.9
3063,3.7,0.1,94.4,0.7,1.1
3064,2.9,0.1,95.8,0.5,0.7
3074,27.7,0.3,70.8,0.4,0.7
3423,96.9,0.1,2,0.1,0.9
3425,61.5,0.1,37.4,0.2,0.9
3426,98.8,0.1,0.4,0.1,0.7
3427,97.7,0.1,1.4,0.1,0.7
3428,98.7,0.1,0.4,0.1,0.7
3429,98,0.1,1.1,0.1,0.7
3430,98.7,0.1,0.4,0.1,0.7
3431,98.7,0.1,0.4,0.1,0.7
3432,95.4,0.1,3.6,0,0.9
3433,98.5,0.1,0.5,0,0.9
3434,98.6,0.1,0.4,0,0.9
5931,12.2,75.4,8.4,2.1,1.9
5932,13,74.6,8.4,2.2,1.9
5933,16.8,70.8,8.2,2.4,1.7
5934,24.1,63.6,8,2.8,1.5
5935,36.9,47.7,10.3,3,2.1
5936,26.2,61.4,8,2.9,1.5
5937,27.6,60.2,7.8,2.8,1.6
5938,22.4,65.3,8,2.7,1.6
5939,13.7,73.9,8.3,2.2,1.8
5940,22.3,65.4,8,2.7,1.6
5941,25.3,62.4,7.9,2.9,1.5
5942,25.4,62.3,7.9,2.9,1.5
5943,25.8,61.9,7.9,2.9,1.5
5944,27.6,60.2,7.8,2.8,1.6
5945,42.5,46.1,7.1,2.2,2.1
1406,8.5,2.3,59.8,23.9,5.5
1407,8.4,1.8,60.2,24.3,5.3
1408,9,7.5,63.1,12.8,7.6
1409,12.4,24.7,46.7,9.7,6.5
1410,4.7,1.5,83.5,7.1,3.3
1411,7.5,4.7,74.7,7.8,5.2
1412,5.3,0.3,83.9,8.4,2.1
1413,8.4,2.9,61.8,21.3,5.6
1414,4.7,0.2,88.6,4.8,1.6
1415,9.8,12.8,59.5,11.4,6.6
1416,10.5,14.9,55.8,11.8,7
1417,9.5,10.1,60.8,12.1,7.5
1418,8.8,5.6,62.3,16.3,7
1419,8.9,6.2,62.8,15,7.2
1420,8.4,0.6,58.8,27.4,4.8
1421,8.4,6,65.3,13.3,6.9
1422,8.9,6.6,63,14.1,7.4
1423,8.8,6.8,63.7,13.2,7.4
1424,10.9,16.8,54.2,11.1,7
1425,9.4,9.7,61.2,12.2,7.5
1426,12.4,24.3,46.8,10,6.5
1427,9,7.5,63.4,12.5,7.6
1428,9,7.5,63.8,12,7.6
1429,10,12.4,58.7,11.7,7.3
1430,9.2,8.1,63.7,11.5,7.6
1431,8,5.9,68,11.5,6.6
1432,8.6,6.7,64.9,12.5,7.3
1433,9,7.3,64.1,12.1,7.6
4314,75.5,12.4,8.2,0.4,3.5
4315,89.6,1.7,4.7,0.1,3.9
4316,90.2,1.1,4.7,0.1,3.9
4317,89.9,1.3,4.7,0.1,3.9
4318,89,2.3,4.7,0.1,3.9
4319,82.1,8.8,5.1,0.3,3.7
4320,78.6,12.1,5.2,0.4,3.6
4321,87.7,3.5,4.8,0.2,3.9
4322,90,1.2,4.8,0.1,3.9
4323,13.1,73.5,9.5,2.1,1.9
4324,12.2,74.6,9.2,2.1,1.9
4325,12.7,74.9,8.4,2.1,1.9
4326,14.7,72.9,8.5,2.1,1.9
4327,15.1,72.6,8.3,2,2
4328,12.9,74.7,8.4,2.1,1.9
4329,24,64.1,7.8,1.8,2.2
4330,13.1,74.5,8.4,2.1,1.9
4331,13.6,74.1,8.3,2.1,1.9
4332,31.4,8.6,57.3,0.5,2.2
4333,88,1.2,6.8,0.1,3.9
4337,19.4,8.1,70.2,0.6,1.8
4338,19.5,6.8,71.3,0.5,1.8
4339,16.7,32.7,47.6,1.1,1.8
4340,13.7,61,21.6,1.8,1.9
4341,19.2,9.5,68.8,0.6,1.8
4342,20,2.1,75.7,0.4,1.8
4343,20,2.1,75.7,0.4,1.8
4344,20,2.1,75.6,0.4,1.8
4345,20.1,1.9,75.8,0.4,1.8
4127,25.3,40.9,31.7,1,1
4128,25.3,40.9,31.7,1,1
4129,25.3,40.9,31.7,1,1
4130,25.3,40.9,31.7,1,1
4131,25.3,40.9,31.7,1,1
4132,25.3,40.9,31.7,1,1
4133,22.7,46,29.4,1,1
4134,24.9,41.8,31.4,1,1
4135,25.5,40.8,31.7,1,1
4136,25.3,40.9,31.7,1,1
4137,25.3,40.9,31.7,1,1
4138,25.7,40.7,31.6,1,1
4139,27.2,39.7,31.1,1,1
4140,28.3,39,30.7,1,1
4141,25.7,40.7,31.6,1,1
4346,21.7,1.9,74.2,0.4,1.8
4347,20.5,1.9,75.4,0.4,1.8
4348,22.9,1.9,73,0.4,1.9
4349,41.6,1.7,53.9,0.3,2.4
4350,64.5,1.4,30.8,0.2,3.1
4351,67,1.4,28.1,0.2,3.2
4352,88.9,1.1,5.9,0.1,3.9
4353,87.3,1.1,7.6,0.1,3.9
4354,14,58.1,24.3,1.7,1.9
4355,12.2,74.5,9.3,2.1,1.9
4356,12.3,73.9,9.8,2.1,1.9
4357,13.4,63.8,19.1,1.9,1.9
4358,12.3,73.5,10.2,2.1,1.9
4359,12.4,73.4,10.3,2.1,1.9
1434,9.3,7.9,65,10.3,7.5
1435,9.1,7.6,64.2,11.5,7.6
1436,8.4,6.5,66.4,11.6,7.1
1437,8.9,7.2,64.1,12.2,7.6
1438,8.2,0.5,59.7,26.9,4.7
1439,7.2,0.4,68.3,20.4,3.7
1440,7.8,1.2,64.7,21.9,4.5
1441,7,0.9,70.9,17.5,3.7
1442,8.8,5.1,61.9,17.5,6.7
1443,7.5,0.5,64.1,23.5,4.4
1501,19.7,61.4,9.8,5.4,3.7
1502,19.6,62,9.5,5.3,3.6
1503,19.5,60.1,11.4,5.1,3.9
1504,19.2,58.6,13.2,4.8,4.2
1505,18.8,56.2,15.8,4.9,4.3
1506,11.4,16.2,61.7,4,6.7
1507,16,62.9,15.6,2.7,2.8
1508,17,62.9,14.3,3.1,2.8
1509,14.1,62.7,17.9,2.5,2.9
1510,9.7,35,47.1,2.9,5.3
1511,10.7,12.1,65.6,4.5,7
1512,10.2,12.4,66.7,3.8,6.9
1513,16.4,63,15.1,2.7,2.7
1514,18.7,56.2,15.6,5.1,4.4
1515,19.3,58.8,12.9,4.9,4.1
3019,27.5,0.1,71.3,0.4,0.8
3020,16.9,0.1,81.5,0.4,1.1
3021,24.7,0.1,74,0.3,0.8
3022,27.4,0.1,71.4,0.3,0.8
3023,24.2,0.1,74.7,0.3,0.7
3024,16.6,0.1,82.2,0.3,0.7
3025,4.4,0.2,93.3,0.9,1.2
3026,4.8,0.2,92.5,1.1,1.4
3027,9.4,0.3,87.7,1,1.7
3028,20.8,0.2,76.9,0.8,1.3
3526,9.8,70,17.5,1,1.8
3527,11.5,68.4,17.7,0.8,1.5
3528,11.7,65.6,20.3,0.8,1.5
3529,11.7,66.8,19.1,0.8,1.5
3530,9.1,70.5,17.6,1,1.8
3531,9,70.5,17.6,1,1.8
3532,11.8,65.8,20.1,0.8,1.5
3533,15.2,65.9,16.4,0.8,1.7
3534,22,61.4,13.9,0.7,2
3535,9.9,69.9,17.3,1,1.8
3536,9.1,70.4,17.7,1,1.8
3537,10.3,64.7,22.3,1,1.7
3538,9.2,69.8,18.3,1,1.8
3539,47.9,44.1,4.4,0.3,3.3
3540,47.4,44.2,4.8,0.3,3.2
3541,63.1,8.7,25.8,0.6,1.8
3638,81.4,0.1,17.4,0.2,0.9
3639,56.1,0.1,42.3,0.4,1
3640,97.1,0.1,1.9,0.1,0.8
3641,95,0.2,3.6,0.2,1
3642,65,0.2,33.3,0.4,1.2
3643,64,0.2,34.2,0.4,1.3
3644,83.4,0.2,14.9,0.2,1.4
3645,97.9,0.2,1.2,0,0.6
3646,98.8,0.3,0.2,0,0.7
3647,55.3,0.2,42.9,0.4,1.1
1801,10.9,73.2,13.4,1,1.5
1802,9.9,74.3,13.4,1,1.4
1803,5.5,78.6,13.9,0.9,1.2
1804,5.1,78.9,13.9,0.9,1.1
1805,7,75.3,15.7,0.9,1.1
1806,10.9,73.3,13.3,1,1.5
1807,8.8,74.6,14.3,0.9,1.4
1808,10.4,73.4,13.7,1,1.5
1809,5.1,78.9,13.9,0.9,1.1
1810,5,79,14,0.8,1.1
1811,5,79,13.9,0.9,1.1
1812,7.1,77,13.7,0.9,1.3
1813,10.5,72.5,14.6,1,1.4
1814,5.9,78,14,0.9,1.2
1815,5.9,77.4,14.7,0.9,1.1
1816,23.7,44.1,30.3,1,1
3301,24.4,3,71.2,0.4,1
3302,18.2,30,49.8,0.7,1.3
3303,25,1,72.6,0.4,1
3304,24.9,1,72.7,0.4,1
3305,24.9,1,72.7,0.4,1
3306,24.8,1.3,72.6,0.4,1
3307,22.8,10.1,65.5,0.5,1.1
3308,26.3,1,71.3,0.4,1
3309,84.9,0.3,13.9,0.1,0.8
3310,25.1,1,72.5,0.4,1
3311,25.4,1,72.2,0.4,1
3312,24.9,1,72.7,0.4,1
3313,24.7,1.7,72.2,0.4,1
3314,24.8,1.1,72.7,0.4,1
3401,98.3,0,0.9,0.1,0.7
3402,98.2,0.1,0.8,0.1,0.8
3403,96.9,0.1,1.9,0,0.9
3404,98.3,0,0.9,0,0.7
3405,98.4,0.1,0.8,0.1,0.7
3406,48.2,0.7,49.8,0.3,0.9
3407,97.2,0.1,1.6,0.1,1
3408,98.7,0.1,0.5,0.1,0.7
3409,41.3,0.1,57.6,0.3,0.8
4142,25.6,40.8,31.7,1,1
4143,25.4,40.9,31.7,1,1
4144,25.8,40.6,31.6,1,1
4145,25.4,40.9,31.7,1,1
4146,25.3,40.9,31.7,1,1
4147,25.3,40.9,31.7,1,1
4148,25.3,40.9,31.7,1,1
4149,25.3,40.9,31.7,1,1
4150,25.3,40.9,31.7,1,1
4151,25.3,40.9,31.7,1,1
4152,25.3,40.9,31.7,1,1
4153,25.3,40.9,31.7,1,1
4154,25.3,40.9,31.7,1,1
4155,25.3,40.9,31.7,1,1
4156,25.3,40.9,31.7,1,1
4157,25.3,40.9,31.7,1,1
4158,25.3,40.9,31.7,1,1
4159,25.3,40.9,31.7,1,1
4160,25.3,40.9,31.7,1,1
4161,25.3,40.9,31.7,1,1
4162,25.3,40.9,31.7,1,1
4163,25.3,40.9,31.7,1,1
4164,25.3,40.9,31.7,1,1
4165,25.3,40.9,31.7,1,1
4301,12.1,75.5,8.4,2.1,1.9
1520,19.6,62,9.5,5.3,3.6
1521,18.7,62.3,11.2,4.5,3.3
1522,19.2,58.5,13.3,4.8,4.2
1523,19.3,59,12.7,4.9,4.1
1524,19.5,60.1,11.3,5.1,3.9
1525,19.4,59.6,12,5,4
1526,18.7,55.9,15.8,5.2,4.4
1527,19.2,58.4,13.4,4.8,4.2
1528,17.4,49.5,22.1,6.1,4.8
1529,10.5,19.4,60.1,3.6,6.4
1530,11.3,16.1,61.9,4,6.7
1531,11.1,14.7,63.3,4,6.8
1532,10.9,15,63.6,3.8,6.7
1533,15.6,48.8,28,3.6,4.1
1534,16.2,59.2,18.7,2.9,3
1535,16.1,60.1,18.1,2.8,3
1536,16.5,61.4,16.3,2.9,2.9
1537,15.9,62.9,15.8,2.7,2.8
1538,13.8,62.6,18.2,2.4,2.9
1539,9.7,62.1,23,2,3.2
1540,11.4,62.3,21,2.2,3.1
1541,10.8,59.9,23.9,2.2,3.3
1542,9.6,36.7,45.7,2.9,5.1
1543,10.1,18.5,61.4,3.6,6.5
1544,19.2,58.5,13.3,4.8,4.2
1545,19.2,58.4,13.4,4.8,4.2
1546,18.9,56.9,14.9,5,4.3
1547,19.2,58.3,13.5,4.8,4.2
1548,19.7,61.5,9.7,5.4,3.7
1549,18.7,56.9,15.3,5.1,4
1550,9.4,61.9,23.6,1.9,3.2
1551,19.7,61.3,9.9,5.3,3.7
1552,19.1,59.8,12.3,5.1,3.7
1553,19.8,61.6,9.6,5.4,3.7
1554,19.2,58.4,13.4,4.8,4.2
1555,19.2,58.6,13.2,4.8,4.2
1556,19.4,59.7,11.9,5,4
1557,15.5,62.5,16.5,2.6,2.8
1558,19.3,58.8,13,4.9,4.1
1559,17.5,60.6,14.8,3.8,3.2
1601,16.8,62.9,14.5,2.9,2.8
2029,18,7.7,69.5,1,3.8
2030,15,0.4,80,0.9,3.7
2031,16.5,0.7,78.1,0.9,3.8
2311,8.2,0.3,88.9,1.2,1.5
2312,6.9,0.3,90.2,1.2,1.5
2313,9.8,0.3,87.2,1.2,1.5
2417,6.1,0.6,89.2,0.9,3.3
2418,8.1,7,75.8,3,6.1
2419,8.4,7.4,74.9,3.2,6.2
2420,31.8,0.7,59.8,3.9,3.8
2421,33,0.7,58.5,3.9,3.8
2422,10.2,9.5,69.4,3.9,7.1
2812,18.2,14.8,64.9,0.6,1.5
2813,19.2,14.2,63.9,0.6,2.1
2814,19.4,16.4,61.4,0.6,2.2
3101,15.6,56.8,21.9,1.9,3.9
3102,21.7,42.6,31.1,1.6,3
3103,15.7,59.5,18.8,1.9,4.1
1602,16.5,63,15,2.7,2.7
1603,17,62.6,15,2.7,2.7
1604,16.2,62.9,15.5,2.7,2.7
1605,16.6,63,15,2.7,2.7
1606,18.2,61.4,15.2,2.6,2.7
1607,16.7,62.7,15.4,2.6,2.7
1608,16.8,62.8,15.1,2.6,2.7
1609,10.6,62.2,22,2.1,3.2
1610,16.5,63,15.1,2.7,2.7
1611,16.7,62.9,15,2.7,2.7
1612,19.6,59.9,16.8,1.5,2.2
1701,43.5,35.8,16.7,0.6,3.4
1702,43,35.5,17.5,0.6,3.3
1703,43,35.5,17.5,0.6,3.3
1817,24.9,41.7,31.4,1,1
1818,25.1,41.3,31.6,1,1
1819,25.2,41.1,31.6,1,1
1820,25.3,40.9,31.7,1,1
1821,25.1,41.3,31.6,1,1
1822,9.9,74.3,13.4,1,1.5
1823,10.3,73.9,13.3,1,1.5
1824,22.5,46.3,29.2,1,1
1825,7.3,74.8,16,0.9,1.1
1826,11.9,70.1,15.4,1,1.5
1827,9.2,75,13.5,1,1.4
1828,25.3,40.9,31.7,1,1
1829,5,79,14,0.8,1.1
1830,5.3,78.8,13.9,0.9,1.1
1831,5.7,77.8,14.5,0.9,1.1
1832,9.8,70.1,18.1,0.9,1.1
1833,6.1,77.1,14.8,0.9,1.1
1834,6.6,76.5,14.9,0.9,1.2
1835,5.2,78.7,14.1,0.9,1.1
1836,24.3,43,30.8,1,1
1837,24.4,42.7,30.9,1,1
1838,21.2,48.7,28.1,1,1
1839,24.1,43.2,30.7,1,1
1840,25.3,40.9,31.7,1,1
1841,25.3,41,31.7,1,1
1842,25,41.6,31.4,1,1
1843,18.5,53.7,25.8,1,1
1844,24.4,42.7,30.9,1,1
1845,7.7,73.9,16.4,0.9,1.1
1846,6.5,76.3,15.2,0.9,1.1
1847,5.6,78,14.5,0.9,1.1
1848,10.2,74,13.3,1,1.5
1849,6.7,77.4,13.7,0.9,1.2
1850,6.2,77.9,13.8,0.9,1.2
1851,5.2,78.9,13.9,0.9,1.1
1852,25.3,40.9,31.7,1,1
1853,25.3,40.9,31.7,1,1
1854,25.3,40.9,31.7,1,1
1855,25.3,40.9,31.7,1,1
1901,7.5,78.2,10.2,2.2,1.8
1902,7.4,78.3,10.1,2.3,1.8
1903,6.9,79.7,9.4,2.2,1.8
1904,6.9,79.8,9.3,2.2,1.8
1905,8.3,77.1,10.8,2,1.8
1906,12.8,68.4,15.7,1.4,1.7
1907,7.9,80.6,9.4,1,1.1
1908,6.7,83.9,7.2,1.2,1.1
1909,6.7,84.3,6.8,1.1,1.1
1910,6.1,82.6,9.3,1,1
1911,6.7,84.4,6.9,1,1
1912,5.4,78.5,14.1,0.9,1.1
1913,20.3,52.1,25.7,1,1
1914,8,73.4,16.6,0.9,1.1
1915,12.3,66.2,19.5,0.9,1.1
1916,5.3,78.8,13.9,0.9,1.1
1917,5.1,79,13.9,0.9,1.1
1918,6.6,84.5,7,1,1
1919,6.6,84.6,6.9,1,1
1920,7.1,83.8,7.1,1.1,1
1921,22.2,46.9,29,1,1
1922,7,80,9.2,2.1,1.7
1923,6.2,81,10.9,0.9,1.1
1924,7.9,81.5,8.4,1.1,1.1
1925,13,68,15.9,1.4,1.7
1926,6.9,79.8,9.3,2.2,1.8
1927,7,79.6,9.4,2.2,1.8
1928,7.4,78.6,10,2.2,1.8
1929,7.3,78.8,9.9,2.2,1.8
1930,9.4,71.2,13.9,3.4,2.1
1931,7.2,83.5,7.2,1.1,1
1932,7,82.3,7.9,1.5,1.3
1933,6.9,79.9,9.3,2.2,1.8
1934,6.9,80.2,9.1,2.1,1.7
1935,9.1,76.8,12.1,0.9,1
1936,8,81.9,8.2,1,1
1937,24.8,42.2,31,1,1
1938,25.1,41.3,31.6,1,1
1939,7.1,79.3,9.6,2.2,1.8
1940,6.9,79.8,9.3,2.2,1.8
1941,7.8,78.1,10.2,2.1,1.8
1942,10,73.7,12.7,1.9,1.8
1943,25.2,41.2,31.6,1,1
1944,25.3,40.9,31.7,1,1
1945,25.3,40.9,31.7,1,1
1946,12.8,68.3,15.7,1.4,1.7
1947,7.6,78.2,10.2,2.2,1.8
1948,11.2,71.2,14.1,1.7,1.8
1949,7,79.6,9.4,2.2,1.8
1950,7,79.6,9.4,2.2,1.8
1951,7,79.6,9.4,2.2,1.8
1952,7.7,78.3,10.1,2.1,1.8
1953,9.8,74.3,12.4,1.8,1.7
1954,12.8,68.4,15.7,1.4,1.7
1955,12.7,68.6,15.6,1.4,1.7
1956,11.6,70.7,14.4,1.6,1.7
1957,12.1,65.6,17.2,3.3,1.7
2001,19.1,22.5,52.3,1.5,4.5
2002,19.3,19.8,54.8,1.4,4.6
2003,17.5,35.5,41.5,1.7,3.8
2004,15.4,51.9,27.7,2,3
2005,13.6,61.4,20.1,2.3,2.6
2006,14.4,57.7,23.9,1.6,2.4
2007,13.6,63.2,19.8,1.4,2
2008,13.1,67.4,16.4,1.4,1.7
2009,13,68,15.9,1.4,1.7
2010,13.1,67.9,16,1.4,1.7
2011,13,68.3,15.8,1.3,1.6
2012,13.2,67.7,16.1,1.4,1.7
2013,13.2,67.5,16.2,1.4,1.7
2014,14.3,54.8,27.3,1.3,2.3
2015,19.4,19.1,55.4,1.4,4.7
2016,18.6,2.4,73.9,1,4.1
2017,18.1,6.1,71,1,3.8
2018,17.7,12.2,65.5,1,3.6
2019,17.8,1.2,76.1,0.9,3.9
2020,16.7,0.5,77.8,1,4
2021,13.1,67.3,16.5,1.4,1.7
2022,15.3,51.2,29.3,1.5,2.7
2023,14,62,19.3,2.2,2.5
2024,13.4,65,18.5,1.4,1.8
2025,13.1,67.4,16.4,1.4,1.7
2026,11.9,68.1,15.7,2.1,2.2
2027,14.5,58.4,22.3,2,2.7
2028,18.7,6.1,69.9,1.1,4.2
2101,10.4,0.9,83.5,1.3,3.9
2102,5.2,0.2,87.5,5.6,1.5
2103,6.5,0.1,92.2,0.5,0.7
2104,16.3,0.2,80.6,0.5,2.5
2105,7,5.6,85.1,0.6,1.8
2106,5.4,6,86.9,0.6,1.2
2107,5.1,4.4,88.9,0.6,1.1
2108,5.2,1.5,91.7,0.7,1
2109,4.5,0.2,88.4,5.7,1.2
2110,15.4,13,65.4,2.2,4
2111,5,0.7,86.3,6.6,1.4
2112,4.9,0.2,87,6.5,1.5
2113,8.8,0.3,85.9,1.7,3.3
2114,5.6,0.1,93.1,0.6,0.7
2115,4.7,0.1,93.7,0.6,0.8
2116,5.1,3.8,89.4,0.6,1.1
2117,6.3,2.8,89.5,0.4,1
2118,8.2,0.3,89.6,0.4,1.6
2201,36.6,0.1,60.5,0.9,1.8
2202,38.4,0.1,58.8,0.8,1.8
2203,5.8,0.2,88.6,3.2,2.2
2204,3.4,0.2,92.5,2.2,1.7
2205,69.5,0.2,27.8,0.4,2.1
2206,77.8,0.9,19.3,0.7,1.2
2207,29.1,0.1,67.1,1.1,2.6
2208,32.3,0.1,64.2,0.6,2.9
2209,9.7,0.2,85.3,2.4,2.3
2210,29.9,0.2,66.5,1.7,1.7
2211,4.7,0.3,83.6,8.7,2.7
2212,46.1,0.1,50.9,0.5,2.4
2213,69.2,0.1,28.1,0.3,2.3
2214,16,0.2,79.7,2.1,1.9
2215,21.8,0.2,73.9,1.5,2.6
2216,10.3,0.2,84.8,2.4,2.3
2217,3.7,0.3,89.1,4.7,2.3
2218,22.9,0.1,72.9,1.3,2.7
2219,7,0.2,88,2.6,2.2
2220,3.4,0.3,91.2,3,2.1
2301,79.1,1,18.2,0.7,1.1
2302,10.9,0.3,85.9,1.3,1.6
2303,10.5,0.3,86.5,1.2,1.5
2304,80.7,1,16.6,0.7,1.1
2305,66.3,0.9,31.1,0.7,1.1
2306,78.1,1,19,0.7,1.2
2307,78.7,1.1,18.3,0.7,1.2
2308,78.8,1,18.3,0.7,1.2
2309,79.2,1,17.9,0.7,1.2
2310,79.1,1,18,0.8,1.2
2314,31.6,0.2,66.5,0.6,1.1
2315,98.1,0.1,0.9,0.1,0.8
2316,78.8,1,18.3,0.7,1.2
2317,77.1,1,20,0.7,1.2
2318,78.3,1,18.8,0.7,1.2
2319,69.9,0.9,27.1,0.8,1.2
2320,66.8,0.9,30.2,0.8,1.2
2321,67.4,0.9,29.7,0.8,1.2
2322,73.4,0.9,23.8,0.7,1.2
2323,69.8,0.9,27.4,0.7,1.2
2324,71.7,0.9,25.5,0.8,1.2
2325,79.2,1,17.9,0.7,1.1
2326,78.2,1,18.9,0.7,1.2
2327,71.9,0.9,25.2,0.8,1.2
2328,71.7,1.4,24.5,0.9,1.6
2329,78.3,1,18.9,0.7,1.2
2330,53,0.7,44.1,0.8,1.3
2331,79.7,1,17.5,0.7,1.1
2332,77.9,1,19.2,0.7,1.2
2333,68.5,0.9,28.6,0.8,1.2
2334,71.9,0.9,25.2,0.8,1.2
2335,66.9,0.9,30.2,0.8,1.2
2336,79.7,1,17.4,0.7,1.1
2504,15.4,59,19.5,2,4.1
2505,16.4,60.1,18.1,1.7,3.6
2506,17,50.1,26.5,2.3,4.1
2507,6.7,9.1,81.8,0.9,1.6
2508,25.9,5.3,61.4,3.7,3.7
2509,23.1,25.9,43.8,3.2,4
2510,15.1,54.1,24.8,2,4
2511,14.9,56.4,23.2,1.8,3.7
2512,19.5,58.8,18.1,1.3,2.3
2513,20.1,59.2,17.3,1.2,2.1
2514,24.2,15.1,53.4,3.4,3.8
2601,9.5,56,29.4,1.8,3.2
2602,9.7,9,76.7,1.4,3.3
2603,9.9,9.9,75.6,1.4,3.2
2604,10,8.9,76.5,1.4,3.2
2605,9,6.2,80.7,1.3,2.9
2606,18.5,54.3,23.8,1.2,2.3
2607,9.7,61.8,23.5,1.8,3.2
2337,79.9,1,17.2,0.7,1.1
2338,81.8,0.9,15.5,0.6,1.1
2339,69.6,0.9,27.7,0.7,1.1
2340,69.1,0.9,28.2,0.7,1.1
2341,71.1,1,26,0.7,1.1
2342,76.4,1.2,20.3,0.8,1.3
2343,69.6,2.1,25.3,1.1,1.9
2344,73.2,1.6,22.7,0.9,1.6
2412,15.8,0.6,78.4,2.5,2.7
2413,14.3,0.4,79.9,2.2,3.2
2414,6.2,2.6,87.2,1.4,2.5
2415,9.7,12.3,68,3.5,6.5
2416,4.2,1.9,88.6,1.4,3.8
2423,9.4,8.6,71.7,3.6,6.7
2424,10.3,9.6,68.5,4.5,7.2
2425,9.8,8.7,66.6,7.6,7.4
2426,10.4,9,70.1,3.7,6.8
2427,10.4,6.7,74.2,2.9,5.8
2428,10.1,9.2,67.7,5.8,7.3
2429,20,2.1,73.1,1.3,3.5
2430,7,3,83.9,1.7,4.3
2431,10.7,0.6,84.6,0.9,3.2
2432,3,0.9,91.5,1,3.5
2433,26.1,7.6,57.3,3.3,5.7
2434,12.3,8.8,68.7,3.6,6.7
2435,19.7,8.3,62.3,3.4,6.2
2436,16.7,7.5,65.3,4.5,6
2437,8.2,11.5,72,2.8,5.5
2438,6.2,4.8,81.6,2.3,5.1
2439,3.6,1.7,89.6,1.3,3.9
2440,2.9,0.9,91.6,1,3.5
2441,3.9,2.1,88.5,1.4,4
2442,5.1,3.5,85,1.9,4.6
2443,10.3,9.6,69,3.9,7.1
2444,9.3,8.5,72,3.5,6.6
2445,10,9.3,69.9,3.9,7
2501,15.3,60.2,18.6,1.9,4.1
2502,14.6,57,22.7,1.8,3.9
2503,15.5,56.9,21.5,2,4.1
2608,4.7,1.2,92.1,0.6,1.3
2609,16.5,45.1,35.5,1,1.8
2610,19.9,57.5,19.4,1.2,2
2611,20.3,59.2,17.2,1.2,2.1
2612,20.3,59.2,17.3,1.2,2.1
2613,15.1,0.7,79.7,2.2,2.4
2614,5.4,2.7,89.8,0.7,1.3
2615,6.3,2.3,88.6,0.9,1.9
2616,8.3,1.3,87,1.5,1.8
2617,7.9,4.1,84.3,1.2,2.5
2618,9.7,5.9,79.9,1.4,3.1
2619,9.4,10.2,75.7,1.5,3.3
2620,8.9,57.2,28.6,1.9,3.4
2621,8.9,56.8,29.2,1.9,3.3
2622,8.9,61.8,24.1,1.9,3.3
2623,9.1,62,23.7,1.9,3.3
2624,19.5,59.7,17.3,1.4,2.2
2625,19.2,54.7,22.7,1.2,2.1
2626,17.3,49.7,29.8,1.1,2
2627,19.9,58.3,18.5,1.2,2.1
2628,20.3,59.2,17.3,1.2,2.1
2629,20.3,59.2,17.3,1.2,2.1
2630,20.3,59.2,17.3,1.2,2
2631,9.1,48.9,35.9,2.2,3.9
2701,14.1,67.3,16.2,0.9,1.4
2702,15.8,62.6,19.4,0.8,1.3
2703,15.7,63.1,19.2,0.8,1.3
2704,12.5,70.6,14.5,1,1.5
2705,29.1,22.2,45.9,0.6,2.2
2706,41.7,17.4,38.1,0.5,2.3
2707,34.6,6.6,56.2,0.4,2.1
2708,9.4,4.2,84.6,0.6,1.1
2709,25.7,8.8,64,0.4,1.1
2710,9.5,4.1,84.7,0.6,1.1
2711,23.7,50.5,23.9,0.6,1.3
2712,44.5,12,42.1,0.3,1.1
2713,16.3,61.8,19.9,0.8,1.3
2714,43.3,10.4,44.6,0.3,1.4
2715,84.3,2.2,11.7,0.1,1.6
2716,85.8,1,11.4,0.1,1.7
2717,63.8,4.3,29.5,0.2,2.2
2718,42.1,16.6,39.8,0.3,1.2
2719,23.7,42.5,32,0.6,1.2
2720,35.9,31.4,31.1,0.5,1.2
2721,19.1,57.3,21.6,0.7,1.3
2722,17.1,60.4,20.5,0.7,1.3
2723,16.6,61.1,20.3,0.7,1.3
2724,16.8,60.7,20.5,0.7,1.3
2725,18.1,58.3,21.6,0.7,1.3
2726,40.7,12,44.2,0.4,2.7
2727,22.1,51.3,24,0.8,1.8
2728,16.8,63.4,17.5,0.9,1.5
2729,33.8,12.9,51.4,0.4,1.5
2730,16.5,61.3,20.2,0.7,1.3
2731,15.9,62.4,19.5,0.9,1.4
2732,65.2,13.3,19.6,0.4,1.5
2733,84.8,1,12.4,0.1,1.7
2734,65.4,14.8,18,0.4,1.4
2736,74.7,8.7,14.8,0.3,1.5
2801,16.6,57.3,24,0.7,1.4
2802,16.6,57.8,23.5,0.7,1.4
2803,19.4,15.1,62.6,0.6,2.2
2804,19.7,13.8,63.6,0.6,2.3
2805,19.3,16,61.8,0.6,2.3
2806,16.5,60.8,20.7,0.7,1.3
2807,19.6,13.8,63.7,0.6,2.2
2808,18.1,14.8,65.2,0.6,1.4
2809,18.1,14.8,65.1,0.6,1.4
2810,16.9,55.2,25.9,0.7,1.4
2811,17.1,48.3,32.4,0.7,1.4
2815,18.8,25.3,53.2,0.6,2
2816,19.4,16.6,61.2,0.6,2.2
2817,18.7,14.2,65,0.6,1.6
2818,28.6,3,66.3,0.5,1.6
2819,27.6,4.3,65.9,0.5,1.8
2820,24.6,3.5,69.5,0.6,1.9
2821,19.1,12.8,65.2,0.6,2.4
2822,22.7,9.9,64.9,0.6,1.9
2823,18.3,14.6,65.1,0.6,1.5
2824,18.6,14.2,65.1,0.6,1.5
2825,18.1,14.8,65.2,0.6,1.4
2826,18.1,14.8,65.2,0.6,1.4
2901,26.8,0.1,71.7,0.3,1
2902,13.8,0.1,83.1,0.4,2.5
2903,24.7,0.1,72.5,0.4,2.2
2904,10.1,0.3,84.8,1,3.8
2905,16.6,0.3,78.7,0.9,3.5
2906,5.1,0.2,91.2,0.7,2.7
2907,6.1,0.2,90.3,0.7,2.6
2908,26.2,0.1,72,0.3,1.3
2909,37.6,0.1,60.1,0.4,1.7
2910,35.8,0.1,62.2,0.3,1.6
2911,33.9,0.1,64.1,0.3,1.5
2912,59.2,0.1,38.2,0.3,2.1
2913,38.8,0.1,58.8,0.4,1.7
2914,60,0.1,37.5,0.3,2
2915,59.3,0.1,38.1,0.3,2.2
2916,6.7,0.1,92,0.4,0.8
2917,7.1,0.1,90.9,0.6,1.2
2918,10.1,0.1,86.9,0.4,2.4
2919,13.5,0.1,85.6,0.3,0.5
2920,67,0.1,30.5,0.3,2.1
2921,5.2,0.2,91,0.8,2.8
2922,10.8,0.3,84,1,3.9
2923,11.1,0.4,83.6,1.1,3.8
3001,4.2,0.1,93.8,0.5,1.4
3002,3.4,0.1,95.1,0.4,1
3003,4.7,0.2,92.6,0.9,1.5
3004,5,0.2,92.1,0.9,1.7
3005,4.1,0.1,94,0.4,1.3
3006,2.9,0.1,96,0.3,0.7
3007,2.7,0.1,96.2,0.4,0.6
3008,3.8,0.1,94.3,0.7,1.1
3009,6.3,0.2,90.7,1,1.7
3010,30,0.2,68.1,0.6,1.1
3011,18.8,0.3,79.5,0.6,0.9
3012,20.4,0.2,77.9,0.5,0.9
3013,41.6,0.2,56.6,0.5,1.1
3014,47.5,0.2,50.7,0.5,1.2
3015,31.1,0.3,67.5,0.4,0.7
3016,28.4,0.3,70.1,0.4,0.8
3017,55.3,0.2,42.8,0.5,1.2
3018,24.6,0.3,74,0.4,0.7
3029,30.6,0.2,67.6,0.6,1.1
3030,33.6,0.2,64.6,0.6,1.1
3031,5,0.2,92,1,1.7
3032,29.2,0.1,69.7,0.3,0.8
3033,14.6,0.1,84.2,0.3,0.7
3034,2.6,0.1,96.2,0.4,0.6
3035,10.8,0.3,86.4,1,1.6
3036,3.2,0.1,95.5,0.4,0.9
3037,2.9,0.1,95.7,0.5,0.8
3038,2.8,0.1,96,0.5,0.7
3039,3.4,0.1,95,0.7,0.9
3040,11.4,0.1,87.4,0.3,0.7
3041,4.1,0.1,94.7,0.3,0.7
3042,15.6,0.1,82.9,0.3,1
3043,4.2,0.1,94.3,0.3,1.1
3044,2.8,0.1,96,0.3,0.7
3045,8.1,0.1,90.3,0.3,1.1
3046,4.2,0.2,93.5,0.8,1.3
3047,20,0.3,78.4,0.5,0.8
3048,7.9,0.2,89.3,0.9,1.6
3049,22.9,0.2,74.8,0.7,1.3
3050,3.3,0.1,95,0.6,0.9
3051,2.7,0.1,96.1,0.5,0.6
3052,22.8,0.3,75.6,0.5,0.8
3053,22.3,0.3,76.2,0.5,0.8
3054,3.9,0.1,94.4,0.3,1.2
3055,3,0.1,95.6,0.5,0.8
3056,5.1,0.2,92.2,0.9,1.7
3057,6.8,0.2,90.3,0.9,1.7
3058,5.7,0.2,91.5,0.9,1.7
3059,7.9,0.1,90.2,0.5,1.3
3060,3,0.1,95.8,0.3,0.7
3061,3.2,0.1,95.5,0.3,0.8
3062,4.2,0.2,93.5,0.8,1.3
3075,38.7,0.3,59.8,0.4,0.8
3076,29.1,0.1,69.8,0.3,0.8
3077,20.3,0.1,78,0.5,1.1
3078,16.8,0.1,82,0.3,0.7
3079,3.6,0.1,95.3,0.3,0.7
3080,3,0.1,95.6,0.5,0.7
3081,24.7,0.2,73.2,0.7,1.2
3082,26,0.2,71.9,0.7,1.2
3083,29.8,0.2,68.3,0.6,1.1
3084,30.3,0.2,67.8,0.6,1.1
3085,34.2,0.2,64,0.6,1.1
3086,44.9,0.2,53.4,0.5,1
3104,15.3,60,18.7,1.9,4
3105,57.8,33.3,3.5,0.5,4.9
3106,54.8,35.7,4.2,0.6,4.8
3107,48.3,31.3,15.8,0.7,3.9
3108,58,33.2,3.5,0.5,4.9
3109,20.6,26.3,50.3,1.4,1.4
3110,20.7,25.7,50.9,1.4,1.3
3111,20.8,25.6,50.9,1.4,1.3
3112,50.8,31.8,12.6,0.6,4.2
3113,56.8,33,5,0.5,4.8
3114,56.5,32.9,5.4,0.5,4.7
3115,58.3,33.3,3.1,0.5,4.9
3116,56.1,33.4,5.3,0.5,4.7
3117,57.5,33.8,3.3,0.5,4.9
3118,58.4,33.4,2.9,0.4,4.9
3119,58.3,33.4,2.9,0.5,4.9
3120,58,33.2,3.4,0.5,4.9
3121,20.6,26.6,50,1.4,1.4
3122,20.6,25.8,50.8,1.4,1.3
3123,20.7,25.6,51,1.4,1.3
3124,20.7,25.6,51,1.4,1.3
3125,20.7,25.6,51,1.4,1.3
3126,21.5,25.8,49.9,1.4,1.4
3127,27.9,54.1,14.1,1.2,2.7
3201,18.8,13.9,65.3,0.6,1.4
3202,30.6,0.4,66.9,0.5,1.6
3203,32.7,0.7,64.6,0.5,1.5
3204,23.3,0.4,74.1,0.6,1.6
3205,18,14.4,65.6,0.6,1.4
3206,11.7,3.7,82.3,0.7,1.7
3207,11.2,0.6,85.8,0.7,1.7
3208,12.9,0.4,84.3,0.7,1.7
3209,27.5,0.5,70.1,0.5,1.4
3210,20.2,10.7,67.1,0.5,1.4
3211,28.9,0.6,68.7,0.5,1.4
3212,28.9,0.7,68.6,0.5,1.3
3213,28.2,0.5,69.4,0.5,1.4
3214,48.6,0.4,49.4,0.4,1.2
3215,31.2,0.5,66.5,0.5,1.4
3216,18.1,14.7,65.2,0.6,1.4
3217,18,14.8,65.2,0.6,1.4
3218,18,14.6,65.4,0.6,1.4
3219,38.2,0.4,59.6,0.4,1.3
3220,37,0.2,60.9,0.5,1.5
3221,42.6,0.2,55.4,0.4,1.4
3222,32.1,0.2,65.6,0.5,1.6
3223,93,0.1,6.1,0.1,0.7
3224,90.3,0.2,8.5,0.1,0.8
3225,33.5,0.2,64.2,0.5,1.5
3226,31.4,0.2,66.2,0.5,1.6
3227,30.5,0.2,67.3,0.5,1.5
3228,32.6,0.3,65.1,0.5,1.5
3229,29.5,1.9,66.6,0.5,1.6
3230,29.8,1.8,66.3,0.5,1.5
3231,24.1,12.2,61.8,0.5,1.4
3232,83.6,0.4,15,0.2,0.8
3233,24.7,1.4,71.7,0.6,1.5
3234,17.4,13.6,67,0.6,1.4
3235,10.5,1.4,85.7,0.7,1.7
3236,11.2,0.6,85.8,0.7,1.7
3452,98.6,0.1,0.6,0.1,0.7
3453,98.7,0.1,0.4,0.1,0.7
3454,98.6,0.1,0.6,0.1,0.7
3455,98.7,0.1,0.4,0.1,0.7
3456,98.7,0.1,0.4,0,0.8
3457,98.6,0.1,0.4,0,0.9
4126,25.3,40.9,31.7,1,1
4302,12.1,75.5,8.4,2.1,1.9
4303,12.1,75.5,8.4,2.1,1.9
4604,25.3,40.9,31.7,1,1
4605,25.3,40.9,31.7,1,1
4606,25.3,40.9,31.7,1,1
5024,31.6,0.1,67.3,0.3,0.8
5025,98.3,0.1,0.6,0.1,0.8
5026,98.4,0.1,0.6,0.1,0.7
5304,25.6,49.8,16.5,2.7,5.3
5305,32.9,32,26.1,3.8,5.2
5401,19.2,66.2,8,2.7,3.9
5556,48.9,32.3,12.8,3.1,2.9
5557,48.6,32.5,13,3,2.8
5558,51.9,30.7,11.7,2.7,2.9
3237,30.9,0.5,66.8,0.5,1.3
3239,18,14,66.1,0.6,1.4
3240,17.6,14.1,66.3,0.6,1.4
3241,18.3,14.5,65.2,0.6,1.4
3242,18.1,14.8,65.2,0.6,1.4
3243,29.1,0.5,68.6,0.5,1.3
3410,39.9,0.1,58.9,0.3,0.8
3411,97.6,0.1,1.5,0.1,0.7
3412,98.5,0.1,0.8,0.1,0.6
3413,98.3,0,0.9,0.1,0.7
3414,96.8,0.1,2.2,0.1,0.8
3415,96.9,0.1,2.3,0.1,0.7
3416,83.3,0.3,15.4,0.1,0.8
3417,98.3,0,0.9,0.1,0.7
3418,98.8,0.1,0.6,0.1,0.5
3419,97.1,0.1,1.8,0.1,0.9
3420,80.9,0.1,18,0.2,0.8
3421,97.6,0.1,1.2,0.1,0.9
3422,98.3,0.1,0.6,0.1,0.9
3435,98.8,0.1,0.4,0.1,0.7
3436,98.5,0.1,0.7,0.1,0.7
3437,97.4,0.1,1.5,0.1,0.9
3438,96.8,0.1,2.3,0.1,0.7
3439,97.7,0.1,1.3,0.1,0.9
3440,91.5,0.2,7.3,0.1,0.9
3441,97.2,0.1,1.5,0.1,1.1
3442,98.4,0.1,0.8,0,0.7
3443,97.6,0.1,1.3,0,1
3444,92.2,0.1,6.5,0.1,1
3445,87.9,0.2,11,0.1,0.7
3446,81.1,0.3,17.7,0.1,0.8
3447,98.6,0.1,0.6,0.1,0.7
3448,98.6,0.1,0.6,0.1,0.7
3449,98.7,0.1,0.4,0.1,0.7
3450,98.7,0.1,0.4,0.1,0.7
3451,98.7,0.1,0.4,0.1,0.7
3458,91.9,0.1,7,0,1
3459,94.2,0.1,4.7,0.1,0.9
3460,46.6,0.1,52.3,0.3,0.8
3461,92.3,0.1,6.6,0,0.9
3462,93.7,0.1,5.1,0.1,0.8
3463,97.8,0.1,1,0.1,0.9
3464,98.3,0.1,0.7,0.1,0.8
3465,94.1,0.1,4.8,0.1,0.9
3466,77.3,0.4,21.3,0.2,0.9
3467,98.2,0.1,0.9,0.1,0.7
3468,98.3,0.1,0.9,0.1,0.7
3469,98.4,0.1,0.8,0.1,0.7
3470,98.4,0.1,0.7,0,0.8
3471,90.5,0.2,8.3,0.1,0.9
3501,12.4,67.8,17.4,0.8,1.5
3502,17.8,64.5,14.7,0.9,2.1
3503,9,70.5,17.6,1,1.8
3504,9.1,70.4,17.6,1,1.8
3505,10.2,69.5,17.7,0.9,1.6
3506,11.7,67,19,0.8,1.5
3507,9,70.5,17.6,1,1.8
3508,48.5,43.6,4.3,0.3,3.3
3509,50.8,41.3,4.3,0.3,3.3
3510,56.4,34.9,5.3,0.4,3
3511,48.4,43.7,4.3,0.3,3.3
3512,67.3,21.9,7.7,0.5,2.6
3513,24.3,38.2,35.1,0.8,1.6
3514,45.3,14.7,37.6,0.7,1.6
3515,64,4.2,29.6,0.6,1.6
3516,18.6,25.8,53,0.9,1.7
3517,12.8,28.6,55.9,1,1.8
3518,12.8,28.6,55.9,1,1.8
3519,12.8,28.6,55.9,1,1.8
3520,10.2,69.7,17.2,1,1.8
3523,9,70.5,17.6,1,1.8
3524,9,70.5,17.6,1,1.8
3525,9,70.5,17.6,1,1.8
3542,68.4,16.1,12.7,0.5,2.3
3543,68.8,18.9,9.3,0.5,2.5
3544,55.7,34.9,6.1,0.4,2.9
3545,66.5,17.4,13.3,0.5,2.3
3546,22.2,60.8,14.3,0.7,1.9
3547,24.5,55.2,17.8,0.7,1.7
3548,21,33.2,43.3,0.9,1.7
3549,13.5,28.5,55.3,1,1.8
3550,30.4,20.6,46.5,0.9,1.7
3551,12.8,28.6,55.9,1,1.8
3552,13.2,28.4,55.7,1,1.8
3553,13.4,28.2,55.6,1,1.8
3554,12.8,28.5,55.9,1,1.8
3555,12.8,28.6,55.9,1,1.8
3556,12.8,28.6,55.9,1,1.8
3557,13.6,28.2,55.5,1,1.8
3558,12.8,28.6,55.9,1,1.8
3559,12.8,28.6,55.9,1,1.8
3560,16.9,64.8,15.8,0.7,1.8
3561,17.5,64.5,15.3,0.8,1.9
3562,46.5,45,4.9,0.3,3.2
3563,12.8,28.6,55.9,1,1.8
3564,12.8,28.6,55.9,1,1.8
3565,12.9,28.5,55.9,1,1.8
3566,13.1,28.4,55.8,1,1.8
3567,12.8,28.6,55.9,1,1.8
3568,12.8,28.5,55.9,1,1.8
3569,12.8,28.6,55.9,1,1.8
3570,12.6,35.5,49.3,0.9,1.7
3601,63.9,0.1,34.4,0.4,1.3
3602,82,0.1,16.7,0.2,1
3603,98.7,0.1,0.4,0.1,0.7
3604,98.7,0.1,0.6,0.1,0.4
3605,88.7,0.2,9.8,0.2,1.1
3606,80.4,0.1,17.7,0.2,1.6
3607,96.9,0.1,2,0.1,0.9
3608,90.4,0.1,9.2,0.1,0.3
3609,80,1,17.2,0.7,1.1
3610,98.7,0.3,0.3,0,0.6
3611,54,0.1,44.5,0.4,1
3612,85.7,0.1,13.2,0.2,0.9
3613,81.3,0.9,16,0.7,1.1
3614,92.7,0.3,6.1,0.2,0.7
3615,83.9,0.8,13.7,0.6,1.1
3616,92.3,0.2,6.4,0.2,1
3617,90.5,0.1,8.1,0.2,1.1
3618,59.7,0.2,38.4,0.4,1.2
3619,63.1,0.2,35.1,0.4,1.2
3620,58.3,0.2,39.8,0.5,1.3
3621,91.1,0.2,7.5,0.1,1.1
3622,76.5,0.2,22.1,0.2,1
3623,91.4,0.2,7.2,0.1,1.1
3624,98.6,0.1,0.4,0.1,0.8
3625,47.3,0.1,49.8,0.4,2.4
3626,98.2,0.1,1.2,0.1,0.4
3627,98.5,0.2,0.8,0.1,0.5
3628,88.8,0.6,9.4,0.4,0.8
3629,78.7,0.1,19.4,0.2,1.6
3630,96.8,0.1,2.6,0.1,0.4
3631,92.2,0.1,7.2,0.1,0.4
3632,92,0.2,6.5,0.1,1.2
3633,98.7,0.1,0.6,0.1,0.4
3634,97.6,0.1,1.8,0.1,0.4
3635,94.9,0.1,4.5,0.1,0.4
3636,72.3,0.1,26.3,0.3,1
3637,78.7,0.1,20.1,0.2,0.9
3648,57.9,0.2,40.2,0.5,1.3
3649,93.3,0.2,5.3,0.1,1.1
3650,87.7,0.2,10.9,0.1,1.1
3651,98.7,0.2,0.4,0,0.6
3652,98.7,0.3,0.4,0,0.7
3653,98.7,0.3,0.2,0,0.7
3654,97.4,0.2,1.8,0.1,0.5
3655,93.9,0.2,4.7,0.1,1.1
3656,68.7,0.2,29.6,0.4,1.2
3657,94.7,0.1,4.4,0.1,0.7
3658,98.2,0.1,1.1,0.1,0.6
3659,98.2,0.1,1.1,0.1,0.5
3660,92.7,0.4,5.7,0.3,0.9
3661,98.5,0.1,0.6,0.1,0.7
3662,94.4,0.1,5.1,0.1,0.3
3663,82.8,0.9,14.6,0.6,1.1
3664,84.9,0.8,12.7,0.5,1.2
3665,86,0.7,11.7,0.5,1.1
3666,95.7,0.2,2.8,0.1,1.1
3667,98.2,0.2,1,0,0.6
3668,67.3,0.1,30.1,0.3,2.3
3669,73.7,0.2,23.8,0.3,2
3670,76,0.1,22.2,0.2,1.4
3671,97.7,0.1,1.7,0.1,0.5
3672,93.2,0.1,6,0.1,0.6
3701,18.9,1.8,77.1,0.4,1.7
3702,19.6,1.9,76.4,0.4,1.8
3703,6.4,0.4,91.3,0.3,1.5
3704,11,0.9,86.1,0.3,1.6
3705,18.9,1.8,77.2,0.4,1.7
3706,18.9,1.8,77.1,0.4,1.7
3707,17.2,1.6,79.1,0.4,1.7
3708,6,0.4,91.8,0.3,1.5
3709,6.1,0.4,91.7,0.3,1.5
3710,19.7,1.9,76.2,0.4,1.8
3711,7.6,0.6,90,0.3,1.5
3712,18.6,1.8,77.5,0.4,1.7
3713,4.8,0.3,93.1,0.3,1.5
3714,6.3,0.4,91.5,0.3,1.5
3715,9,0.7,88.3,0.3,1.6
3716,20.1,1.9,75.8,0.4,1.8
3717,4.6,0.2,93.4,0.3,1.5
3718,4.7,0.2,93.3,0.3,1.5
3719,6.4,0.4,91.4,0.3,1.5
3720,19.3,1.8,76.7,0.4,1.8
3721,19.8,1.9,76.1,0.4,1.8
3722,19.4,1.9,76.5,0.4,1.8
3723,5.2,0.3,92.8,0.3,1.5
3724,19.8,1.9,76.1,0.4,1.8
3725,20,1.9,75.9,0.4,1.8
3726,19.5,1.9,76.4,0.4,1.8
3727,18.4,1.7,77.7,0.4,1.7
3728,12.2,1.1,84.8,0.4,1.6
3729,5.4,0.3,92.4,0.3,1.5
3730,19.2,1.8,76.7,0.4,1.8
3731,18.2,1.7,77.9,0.4,1.7
3732,20.1,1.9,75.8,0.4,1.8
3733,20.1,1.9,75.8,0.4,1.8
3734,20,1.9,75.8,0.4,1.8
3735,20.1,1.9,75.8,0.4,1.8
3736,20.1,1.9,75.8,0.4,1.8
3737,20.1,1.9,75.8,0.4,1.8
3738,20.1,1.9,75.8,0.4,1.8
3739,20.1,1.9,75.8,0.4,1.8
3740,20.1,1.9,75.8,0.4,1.8
3741,20.1,1.9,75.8,0.4,1.8
3742,20.1,1.9,75.8,0.4,1.8
3743,20.1,1.9,75.8,0.4,1.8
3744,20.1,1.9,75.8,0.4,1.8
3745,20,2.1,75.6,0.4,1.8
3746,20,2.1,75.7,0.4,1.8
3747,20,2.2,75.6,0.4,1.8
3748,20,2.4,75.4,0.4,1.8
3749,20.1,1.9,75.8,0.4,1.8
3750,20.1,1.9,75.8,0.4,1.8
3751,20.1,1.9,75.8,0.4,1.8
3752,20.1,1.9,75.8,0.4,1.8
3753,19.5,7.2,71,0.6,1.8
3754,19.8,4.7,73.3,0.5,1.8
3755,19.8,4.5,73.4,0.5,1.8
3756,14.9,49.6,32.1,1.5,1.8
3757,20.1,1.9,75.8,0.4,1.8
3758,20.1,1.9,75.8,0.4,1.8
3759,20.1,1.9,75.8,0.4,1.8
3760,20.4,1.9,75.5,0.4,1.8
3763,20.1,1.9,75.8,0.4,1.8
3764,14.7,1.3,81.9,0.4,1.7
3765,4.6,0.2,93.4,0.3,1.5
3767,20,1.9,75.8,0.4,1.8
3768,20,1.9,75.8,0.4,1.8
3896,18,14.8,65.2,0.6,1.4
4101,24.7,43.4,29.8,1,1.1
4102,20.4,50.4,27.2,1,1
4103,25,41.6,31.4,1,1
4104,30.5,37.2,30.3,0.9,1.1
4105,26.1,40.3,31.6,1,1
4106,23.6,44.1,30.3,1,1
4107,25,41.6,31.4,1,1
4108,25.2,41.2,31.6,1,1
4109,25.2,41.2,31.6,1,1
4110,25.3,40.9,31.7,1,1
4111,25.3,40.9,31.7,1,1
4112,25.3,40.9,31.7,1,1
4113,25.3,40.9,31.7,1,1
4114,25.3,40.9,31.7,1,1
4115,25.3,40.9,31.7,1,1
4116,25.3,40.9,31.7,1,1
4117,25.3,40.9,31.7,1,1
4118,25.3,40.9,31.7,1,1
4119,25.3,40.9,31.7,1,1
4120,25.3,40.9,31.7,1,1
4121,25.3,40.9,31.7,1,1
4122,25.3,40.9,31.7,1,1
4123,25.3,40.9,31.7,1,1
4124,25.3,40.9,31.7,1,1
4125,25.3,40.9,31.7,1,1
4304,12.1,75.3,8.5,2.1,1.9
4305,12.2,74.8,9,2.1,1.9
4306,19.9,3.3,74.6,0.5,1.8
4307,12.1,75.4,8.5,2.1,1.9
4308,12.1,75.5,8.4,2.1,1.9
4309,12.1,75.5,8.4,2.1,1.9
4310,12.1,75.5,8.4,2.1,1.9
4311,12.1,75.5,8.4,2.1,1.9
4312,12.1,75.5,8.4,2.1,1.9
4313,12.1,75.5,8.4,2.1,1.9
4360,12.9,68.2,15.1,2,1.9
4361,12.5,72.4,11.2,2.1,1.9
4362,12.4,72.6,11,2.1,1.9
4363,12.1,75.5,8.4,2.1,1.9
4364,12.1,75.5,8.4,2.1,1.9
4365,12.2,75.2,8.6,2.1,1.9
4366,12.1,75.5,8.4,2.1,1.9
4367,20,2.8,75,0.5,1.8
4368,12.2,75.2,8.7,2.1,1.9
4369,12.2,75,8.8,2.1,1.9
4401,84.7,4.6,6.7,0.2,3.7
4402,88,2.8,5,0.2,3.9
4403,88.7,2.1,5.1,0.1,3.9
4404,90,1.2,4.7,0.1,3.9
4405,81.4,9.4,5.1,0.4,3.7
4406,80.9,9.9,5.1,0.3,3.7
4407,85.4,5.7,4.9,0.2,3.8
4408,89.2,2.1,4.7,0.1,3.9
4409,89,2.2,4.7,0.1,3.9
4410,89.5,1.7,4.8,0.1,3.9
4411,85.3,5.8,4.9,0.2,3.8
4412,27.5,39.6,30.8,1,1.1
4413,29,38.7,30.1,1,1.2
4501,25.3,40.9,31.7,1,1
4502,25.3,40.9,31.7,1,1
4503,25.3,40.9,31.7,1,1
4504,25.3,40.9,31.7,1,1
4505,25.3,40.9,31.7,1,1
4506,25.3,40.9,31.7,1,1
4507,25.3,40.9,31.7,1,1
4508,25.3,40.9,31.7,1,1
4509,25.3,40.9,31.7,1,1
4510,25.3,40.9,31.7,1,1
4511,25.3,40.9,31.7,1,1
4512,25.3,40.9,31.7,1,1
4513,25.3,40.9,31.7,1,1
4514,25.3,40.9,31.7,1,1
4515,25.3,40.9,31.7,1,1
4516,25.3,40.9,31.7,1,1
4517,25.3,40.9,31.7,1,1
4518,25.3,40.9,31.7,1,1
4519,25.3,40.9,31.7,1,1
4520,25.3,40.9,31.7,1,1
4521,25.3,40.9,31.7,1,1
4522,25.3,40.9,31.7,1,1
4523,25.3,40.9,31.7,1,1
4524,25.3,40.9,31.7,1,1
4525,25.3,40.9,31.7,1,1
4526,25.3,40.9,31.7,1,1
4527,25.3,40.9,31.7,1,1
4528,25.3,40.9,31.7,1,1
4529,25.3,40.9,31.7,1,1
4530,25.3,40.9,31.7,1,1
4531,25.3,40.9,31.7,1,1
4532,25.3,40.9,31.7,1,1
4533,25.3,40.9,31.7,1,1
4534,25.3,40.9,31.7,1,1
4535,25.3,40.9,31.7,1,1
4536,25.3,40.9,31.7,1,1
4537,25.3,40.9,31.7,1,1
4538,25.3,40.9,31.7,1,1
4539,25.3,40.9,31.7,1,1
4601,25.3,40.9,31.7,1,1
4602,25.3,40.9,31.7,1,1
4603,25.3,40.9,31.7,1,1
4607,25.3,40.9,31.7,1,1
4608,25.3,40.9,31.7,1,1
4609,25.3,40.9,31.7,1,1
4610,25.3,40.9,31.7,1,1
4611,25.3,40.9,31.7,1,1
4612,25.3,40.9,31.7,1,1
4613,25.3,40.9,31.7,1,1
4614,25.3,40.9,31.7,1,1
4615,25.3,40.9,31.7,1,1
4616,25.3,40.9,31.7,1,1
4617,25.3,40.9,31.7,1,1
4618,25.3,40.9,31.7,1,1
4619,25.3,40.9,31.7,1,1
4701,25.3,40.8,31.9,1,1
4702,25.4,40.9,31.8,1,1
4703,25.1,42.8,29.9,1.1,1.1
4801,25.3,40.9,31.7,1,1
4802,25.3,40.9,31.7,1,1
4901,32.3,46.8,15.4,1.6,3.9
5001,82.5,0.1,16.5,0.2,0.7
5002,80.8,0.1,18.5,0.2,0.5
5003,75.9,0.1,23.1,0.2,0.7
5004,84.2,0.1,15.2,0.1,0.5
5005,34.8,0.1,64.1,0.3,0.7
5006,80.2,0.1,19,0.1,0.6
5007,98.5,0.1,0.9,0.1,0.5
5008,99,0.1,0.5,0.1,0.4
5009,98.3,0.1,1,0.1,0.5
5010,94.8,0.1,4.5,0.1,0.5
5011,97.9,0.1,1.4,0.1,0.5
5012,99,0.1,0.3,0,0.5
5013,99.1,0.1,0.3,0,0.5
5014,99.1,0.1,0.3,0,0.5
5015,99.2,0.1,0.3,0.1,0.4
5016,98.9,0,0.5,0.1,0.4
5017,98.9,0.1,0.4,0.1,0.5
5018,98.9,0.1,0.4,0.1,0.5
5019,99,0.1,0.4,0,0.5
5020,99,0.1,0.4,0,0.5
5021,99.1,0.1,0.4,0.1,0.5
5022,87.6,0.1,11.6,0.1,0.6
5023,28.3,0.1,70.5,0.3,0.8
5027,98.5,0,0.8,0,0.6
5028,98.6,0,0.7,0,0.6
5029,98.6,0,0.7,0,0.6
5030,98.7,0.1,0.7,0.1,0.5
5031,93.2,0.1,6,0.1,0.5
5032,97.5,0.1,1.4,0.1,0.8
5033,98.2,0.1,0.7,0.1,0.8
5034,98.2,0.1,0.8,0.1,0.8
5035,98.3,0,0.9,0.1,0.7
5036,98.3,0,0.9,0,0.7
5037,98.3,0,1,0,0.7
5038,98.5,0,0.8,0.1,0.6
5039,99,0.1,0.4,0.1,0.5
5101,24.5,52.3,15.4,2.5,5.3
5102,28.4,43,20.2,3.1,5.2
5103,24.5,52.2,15.5,2.6,5.3
5104,24.8,47.5,20,2.8,4.9
5105,24.8,51.7,15.7,2.6,5.3
5106,26.1,44.1,21.9,3.1,4.9
5107,28.9,41.1,21.6,3.3,5.2
5108,29.9,39.4,22.1,3.4,5.2
5109,24.9,51.8,15.5,2.6,5.3
5110,24.5,52.6,15,2.5,5.3
5111,24.4,52.7,15.1,2.5,5.3
5112,24.4,52,15.8,2.6,5.2
5113,25,39.7,27.7,3.4,4.2
5114,25.5,37.4,29.5,3.4,4.2
5115,24.6,51.1,16.5,2.6,5.2
5116,25.1,51.2,15.8,2.6,5.3
5117,25,51.3,15.7,2.6,5.3
5118,24.5,52.6,15,2.5,5.3
5201,25,35,32.6,3.4,4
5202,31.5,30.7,29.1,3.9,4.8
5203,34,27.9,28.9,4.1,5
5204,34.7,27.2,28.8,4.1,5.1
5205,32.9,32,26.1,3.8,5.2
5206,30.9,32.5,28,3.8,4.8
5207,27.9,34.7,29.3,3.6,4.4
5208,32.8,32,26.3,3.8,5.1
5209,25.4,37.2,29.9,3.4,4.1
5210,25.9,37,29.5,3.5,4.2
5211,25.6,36,30.8,3.4,4.1
5301,24.4,52.8,14.9,2.5,5.3
5302,24.5,52.6,15,2.5,5.3
5303,25.1,51.2,15.8,2.6,5.3
5402,19.2,66.1,8.1,2.7,3.9
5403,19.2,66.2,8,2.7,3.9
5404,19.2,66.1,8.1,2.7,4
5405,19.5,65.1,8.8,2.7,4
5406,19.6,64.6,9.1,2.7,4
5407,19.5,64.9,8.9,2.7,4
5408,20.2,61.7,11.3,2.8,4
5409,20.6,60,12.6,2.8,4
5501,48.8,32.3,12.9,3.1,2.9
5502,27.8,36.9,27.9,3.4,4
5503,25.6,37.4,29.5,3.4,4.1
5504,25.4,37.4,29.6,3.4,4.1
5505,25.4,37.4,29.6,3.4,4.1
5506,48.9,32.3,12.8,3.1,2.9
5507,43,29.2,22.1,2.9,2.8
5508,46.5,32.3,15.2,3.1,3
5509,25.5,37.4,29.5,3.4,4.1
5510,48.9,32.3,12.8,3.1,2.9
5511,46.7,33.7,14,2.9,2.7
5512,26.3,36.7,29.5,3.4,4.1
5513,24.5,33.7,34.5,3.3,4
5514,25.6,37.4,29.5,3.4,4.1
5515,48.8,32.5,12.8,3.1,2.9
5516,47.2,32.7,14.1,3.1,3
5517,46.1,32.9,14.8,3.1,3
5518,35.1,35.3,22.7,3.3,3.6
5519,28.5,36.7,27.4,3.4,4
5520,27,37.1,28.5,3.4,4
5521,48.9,32.3,12.8,3.1,2.9
5522,48.9,32.3,12.8,3.1,2.9
5523,48,33.1,13.1,3,2.8
5524,46.6,34.1,13.6,2.9,2.7
5525,48.9,32.3,12.8,3.1,2.9
5526,54.9,27.8,11.7,2.6,3
5527,46.9,35,12.4,3,2.7
5528,48.7,32.6,12.9,3.1,2.9
5529,46.6,32.8,14.5,3.1,3
5530,48.9,32.3,12.8,3.1,2.9
5531,48.9,32.3,12.8,3.1,2.9
5532,48.9,32.3,12.8,3.1,2.9
5533,48.9,32.3,12.8,3.1,2.9
5534,48.9,32.3,12.8,3.1,2.9
5535,48.7,32.4,13,3.1,2.9
5536,48.4,32.4,13.2,3.1,2.9
5537,39.5,34.4,19.6,3.2,3.4
5538,37,34.9,21.3,3.3,3.5
5539,25.7,37.3,29.4,3.4,4.1
5540,25.5,37.4,29.6,3.4,4.1
5541,25.4,37.4,29.6,3.4,4.1
5542,25.4,37.4,29.6,3.4,4.1
5543,25.4,37.3,29.8,3.4,4.1
5544,24.7,34.5,33.5,3.3,4
5545,24.4,33,35.4,3.3,3.9
5546,27.1,37,28.4,3.4,4
5547,27.5,37,28.1,3.4,4
5548,39,34.5,19.9,3.2,3.4
5549,35.7,35.2,22.3,3.3,3.6
5550,40.8,34.1,18.7,3.2,3.3
5551,46.5,32.8,14.6,3.1,3
5552,48.9,32.3,12.8,3.1,2.9
5553,48.2,32.5,13.3,3.1,2.9
5554,48.6,32.5,13,3.1,2.9
5555,48.1,32.9,13,3,2.8
5559,50.6,30.7,13.1,2.8,2.9
5560,48.5,32.4,13.2,3.1,2.9
5561,48.7,32.4,13,3.1,2.9
5562,48.6,32.4,13.1,3.1,2.9
5563,79.3,9.4,6.8,0.9,3.7
5564,48.4,33.1,12.6,3,2.8
5955,44.3,38.3,11.8,3,2.6
5956,47.8,33.8,12.6,3,2.8
5957,47.8,33.8,12.6,3,2.8
5565,36,35.1,22.1,3.3,3.6
5601,31,32.3,30.7,3.2,2.6
5602,31.2,34.1,28.6,3.4,2.7
5603,31.8,34.5,27.6,3.4,2.8
5604,28.8,30.2,35.2,3.1,2.7
5605,30.4,31.6,31.9,3.3,2.7
5606,31.3,33.5,29.2,3.4,2.8
5607,31.2,33.2,29.4,3.4,2.8
5608,18.2,6.6,70.5,2.1,2.7
5609,18.3,6.5,70.5,2.1,2.6
5610,20.8,11.2,63.1,2.3,2.6
5611,17.1,2.6,75.8,1.9,2.5
5612,17.2,2.3,76.1,1.9,2.5
5613,19.2,7.8,68.4,2.1,2.5
5614,16.7,2.8,76.2,1.9,2.5
5615,20.1,5.7,69.6,2,2.6
5616,16.1,4,75.4,1.9,2.5
5617,16.5,3.6,75.5,1.9,2.5
5618,20.5,10,64.8,2.2,2.6
5619,29.6,29.8,34.7,3.2,2.7
5620,31.9,34.4,27.6,3.4,2.8
5621,35.8,33.2,25.1,3.2,2.6
5622,29.9,32.5,31.6,3.3,2.7
5623,26.3,29,37.9,3.8,2.9
5624,32.3,34.3,26.6,3.6,3.3
5625,32.2,34.6,26.8,3.5,3
5626,32.3,32.7,28.3,3.5,3.2
5627,28.7,25.3,39.8,3.2,3.1
5628,19,10.3,65.6,2.2,2.9
5701,34.6,27.4,28.8,4.2,5.1
5702,34.3,28.3,28.3,4.1,4.9
5703,21.5,52.9,16.8,4.7,4.1
5704,34.5,28,28.2,4.2,5.1
5705,19.3,58.2,13.4,4.8,4.2
5706,19.2,58.4,13.4,4.8,4.2
5707,19.3,57.2,14.4,4.9,4.2
5708,19.8,61.8,9.3,5.4,3.7
5709,23.7,53,14.2,5.1,4
5710,19,62.2,10.6,4.8,3.4
5711,16.7,63,14.8,2.8,2.7
5712,20,61.2,9.9,5.3,3.6
5713,19.7,61.4,9.8,5.4,3.7
5714,21.9,56.9,12.2,5.2,3.9
5715,24.1,48.8,18,4.6,4.5
5716,34.6,27.7,28.5,4.2,5.1
5717,33.4,28.6,29,4.1,5
5718,18.6,55.7,16,5.3,4.4
5719,19.8,61.9,9.3,5.4,3.6
5720,19.1,58,13.8,4.9,4.2
5721,19.3,59.1,12.6,4.9,4.1
5722,19.2,58.7,13,4.9,4.2
5723,19.4,59.6,12,5,4
5724,18.4,54.9,17.1,5.3,4.4
5725,18.4,54.7,17,5.4,4.4
5801,31.9,49.7,13.2,1.6,3.6
5802,39.8,39.5,16.3,0.9,3.4
5803,42.5,36,17.4,0.7,3.4
5804,42.3,36.3,17.3,0.7,3.4
5805,19.8,65.4,8.3,2.6,3.9
5806,23.4,60.8,9.7,2.3,3.8
5901,46.6,35.3,12.3,3,2.7
5902,25.1,62.6,7.9,2.9,1.5
5903,13.3,74.3,8.4,2.2,1.8
5904,12.2,75.4,8.4,2.1,1.9
5905,25.8,61.9,7.9,2.9,1.5
5906,24.9,62.8,7.9,2.8,1.5
5907,12.6,75,8.4,2.2,1.9
5908,24.6,63.1,7.9,2.8,1.5
5909,25.7,62,7.9,2.9,1.5
5910,23.8,63.9,8,2.8,1.5
5911,15.7,72,8.2,2.1,1.9
5912,15.6,72.2,8.2,2,2
5913,15.1,72.6,8.3,2,2
5914,12.2,75.4,8.4,2.1,1.9
5915,23.5,64.3,8,2.7,1.6
5916,12.3,75.3,8.4,2.1,1.9
5917,13.1,74.5,8.4,2.2,1.8
5918,12.2,75.4,8.4,2.1,1.9
5919,13.1,74.5,8.4,2.2,1.8
5920,13.2,74.4,8.4,2.2,1.8
5921,12.8,74.8,8.4,2.2,1.9
5922,18.7,69.2,8.1,2,2
5923,22.6,65.1,8,2.7,1.6
5924,18.2,69.4,8.2,2.5,1.7
5925,13,74.6,8.4,2.2,1.8
5926,14.8,72.9,8.3,2.1,1.9
5927,12.2,75.4,8.4,2.1,1.9
5928,13.3,74.3,8.4,2.2,1.8
5929,19,68.7,8.2,2.5,1.7
5930,13.9,73.8,8.3,2.1,1.9
5946,37.8,50.6,7.3,2.4,1.9
5947,28.9,58.6,8,2.8,1.6
5948,26.2,61.4,7.9,2.9,1.5
5949,41.8,41.4,11.3,3,2.4
5950,30.8,55.5,9,2.9,1.8
5951,26.5,61,8.1,2.9,1.6
5952,28.5,58.4,8.5,2.9,1.6
5953,27.3,60,8.2,2.9,1.6
5954,31.3,54.9,9.1,2.9,1.8
5958,13,74.6,8.4,2.2,1.9
5959,15.4,72.2,8.3,2.3,1.8
5960,12.4,75.2,8.4,2.1,1.9
5961,12.2,75.3,8.4,2.1,1.9
5962,14,73.6,8.3,2.2,1.8
5963,12.2,75.3,8.4,2.1,1.9
5964,12.1,75.4,8.4,2.1,1.9
5965,12.3,75.3,8.4,2.1,1.9
5966,25.2,62.5,7.9,2.9,1.5
5967,23,64.6,8,2.7,1.6
5968,24,63.7,8,2.8,1.5
5969,25.4,62.3,7.9,2.9,1.5
5970,25.5,62.2,7.9,2.9,1.5
5971,25.8,61.9,7.9,2.9,1.5
5972,25.8,61.9,7.9,2.9,1.5
5973,26.2,61.5,7.9,2.9,1.5
5974,27.1,60.6,7.8,2.8,1.5
5975,64.4,25.5,6,1.2,3
5976,26.9,60.9,7.8,2.8,1.5
5977,25.3,62.4,7.9,2.9,1.5
5978,34.3,54,7.4,2.2,2
5979,24.8,62.9,7.9,2.8,1.5
5980,25.5,62.2,7.9,2.9,1.5
5981,23.3,64.4,8,2.8,1.6
5982,25.3,62.4,7.9,2.9,1.5
5983,20.1,67.6,8.1,2.6,1.6
5984,19.3,68.4,8.1,2.5,1.7
5985,16.4,71.2,8.2,2.4,1.8
5986,15.5,72.2,8.2,2.1,2
5987,26,62.3,7.7,1.8,2.2
5988,15.1,72.7,8.3,2,2
5989,75.5,14.3,5.9,0.8,3.4
